chargeback_id,transaction_id,chargeback_date,reason_code,chargeback_amount,status
CB-29bd3072,TXN-4d4c57da,2025-02-08 14:21:40,Fraud,1455.67,Lost
CB-3fbc6a85,TXN-3453357b,2025-06-24 00:29:31,Fraud,1375.18,Pending
CB-1d7cbda1,TXN-134efdba,2025-02-17 17:34:57,Duplicate,423.2,Pending
CB-ff30bae1,TXN-4990ce6b,2025-11-12 02:00:09,Fraud,539.36,Pending
CB-f0efa651,TXN-8229115f,2025-11-03 05:21:30,Duplicate,444.66,Won
CB-ff017a80,TXN-28ebc7e6,2025-12-07 07:16:50,Product Not Received,44.16,Lost
CB-7f0bfdbc,TXN-588be3ae,2025-05-23 12:51:07,Fraud,683.73,Lost
CB-37ecbac9,TXN-6234ef3d,2025-02-13 21:57:16,Product Not Received,1151.09,Won
CB-4faee53a,TXN-17b9487b,2025-03-30 11:41:37,Product Not Received,1440.95,Won
CB-2a4cf564,TXN-761a7106,2025-04-20 03:09:11,Fraud,1147.03,Pending
CB-df44b3db,TXN-a5ad7c98,2025-09-02 00:49:40,Duplicate,426.18,Lost
CB-a5147e1a,TXN-126743a0,2025-01-31 22:43:56,Product Not Received,931.3,Pending
CB-18e9c284,TXN-0b2f9724,2025-11-11 23:17:59,Duplicate,516.52,Lost
CB-77db3c62,TXN-3779c09f,2025-12-30 05:51:59,Product Not Received,1117.37,Won
CB-b4847f23,TXN-2894f5d1,2025-10-19 08:24:41,Duplicate,58.61,Won
CB-4e5d8913,TXN-d5df0a8a,2025-12-24 15:12:23,Fraud,1333.42,Pending
CB-433f5d1a,TXN-8c8ff072,2026-01-01 07:29:32,Product Not Received,361.78,Lost
CB-5ce14c9b,TXN-3ca4e048,2025-05-22 05:55:54,Fraud,1632.97,Lost
CB-2ccbb380,TXN-b7e0582e,2025-06-25 17:57:14,Duplicate,1106.14,Lost
CB-2e5d21c2,TXN-65a4f4e5,2025-09-10 06:31:56,Duplicate,588.74,Lost
CB-066a3b85,TXN-68148444,2025-05-25 14:49:14,Product Not Received,1691.81,Lost
CB-cf102670,TXN-121b8397,2025-04-27 16:16:34,Duplicate,1196.37,Pending
CB-9585ce21,TXN-9d441c05,2025-04-03 18:17:03,Product Not Received,326.85,Won
CB-dd134eef,TXN-3fa04ae2,2025-03-02 03:47:57,Fraud,89.5,Won
CB-b1f19a7b,TXN-d0a5ceb2,2025-06-29 01:16:07,Product Not Received,802.15,Pending
CB-ad15ed43,TXN-b505374b,2025-11-19 14:56:54,Duplicate,122.89,Lost
CB-3aa991eb,TXN-06848060,2025-08-12 06:49:15,Duplicate,306.62,Won
CB-7a9a02c6,TXN-6dc77a53,2025-12-24 16:18:13,Duplicate,1962.83,Lost
CB-9a28712d,TXN-de9c7c75,2025-10-03 23:16:10,Duplicate,1716.81,Lost
CB-8a83c288,TXN-86e701c2,2025-08-25 04:33:50,Product Not Received,858.98,Won
CB-ee98bace,TXN-08f8a838,2025-10-31 18:27:24,Product Not Received,592.75,Won
CB-a63a31a4,TXN-065a11e4,2025-05-03 02:09:54,Duplicate,406.01,Won
CB-c50db5a1,TXN-94d0e195,2025-03-04 09:09:53,Fraud,1557.62,Pending
CB-f1cba9f2,TXN-59ade309,2025-05-12 02:55:36,Product Not Received,380.1,Lost
CB-2d9b02b6,TXN-f10d53f3,2025-11-10 21:59:01,Fraud,1242.38,Won
CB-2ce1bd20,TXN-e483a185,2025-04-22 13:55:59,Product Not Received,197.85,Lost
CB-70d01d36,TXN-f2f87989,2025-11-29 17:38:53,Product Not Received,1518.34,Pending
CB-f8fc1883,TXN-489b15b9,2025-07-18 09:30:52,Duplicate,1585.08,Won
CB-cae10e97,TXN-531910a5,2026-01-10 11:25:43,Fraud,1742.23,Pending
CB-5641946a,TXN-41ea2681,2025-03-07 14:53:52,Duplicate,1201.46,Won
CB-89c8779e,TXN-1908a527,2025-08-31 20:39:49,Product Not Received,858.02,Lost
CB-32922ac0,TXN-7392b675,2025-05-22 03:55:44,Fraud,200.77,Pending
CB-4502f81c,TXN-ef47586d,2025-04-14 01:50:59,Fraud,37.56,Lost
CB-8b0108f3,TXN-c5928042,2025-05-18 13:55:15,Product Not Received,569.01,Won
CB-133dcd4f,TXN-38b02f6e,2025-04-24 02:39:24,Product Not Received,113.67,Lost
CB-77dcc42b,TXN-24b48d03,2025-11-02 18:58:32,Fraud,1618.61,Lost
CB-9af900e0,TXN-31132f6a,2025-03-31 20:30:36,Duplicate,163.01,Lost
CB-12909681,TXN-96ecb934,2025-07-22 13:28:33,Duplicate,269.8,Pending
CB-65480b3e,TXN-d10a09d7,2025-09-15 04:05:15,Product Not Received,289.32,Won
CB-956b9b68,TXN-9b1b0e5b,2026-01-10 00:00:39,Fraud,1885.95,Won
CB-4f51900a,TXN-a2fa2789,2025-12-24 16:32:02,Product Not Received,1118.35,Won
CB-591ca026,TXN-10405a8f,2025-03-16 19:22:22,Product Not Received,86.74,Lost
CB-ac7fd8e9,TXN-08b0da60,2025-05-06 15:59:45,Duplicate,1934.64,Pending
CB-bd4e3eab,TXN-a9314ff5,2025-03-04 13:16:27,Product Not Received,1309.84,Won
CB-f77c3951,TXN-2ee51f27,2025-08-21 15:50:07,Duplicate,1296.64,Lost
CB-d00a1aa5,TXN-481649af,2025-05-27 00:54:14,Product Not Received,1994.3,Lost
CB-47e90609,TXN-ff2cb3c0,2025-09-11 05:25:00,Fraud,1366.15,Lost
CB-ee8193c2,TXN-a762f26f,2025-02-16 16:24:59,Product Not Received,1083.04,Lost
CB-eaac0b08,TXN-3b1bf0de,2025-09-24 20:18:06,Duplicate,1462.7,Pending
CB-a2a09ce8,TXN-9aa2e98c,2025-03-02 08:21:50,Duplicate,1923.44,Won
CB-8f6348d3,TXN-a6cee6c5,2025-02-25 12:25:32,Duplicate,156.44,Won
CB-9b523424,TXN-0910a890,2025-06-02 15:27:30,Duplicate,1752.05,Lost
CB-c7174279,TXN-36cc3a05,2025-11-12 11:40:30,Fraud,371.97,Lost
CB-324444a3,TXN-de1d506a,2025-02-27 14:16:30,Product Not Received,1375.56,Pending
CB-d5d8304c,TXN-c5d8591d,2025-11-19 23:43:03,Duplicate,226.37,Pending
CB-a4de7387,TXN-5bfd75af,2026-02-09 00:02:19,Product Not Received,1874.69,Won
CB-6372aa2d,TXN-fe8a706c,2025-03-07 06:30:11,Duplicate,875.75,Lost
CB-68cccdcc,TXN-b05c15cc,2026-01-07 07:46:50,Product Not Received,91.14,Pending
CB-139ef234,TXN-d271603b,2025-07-31 17:16:43,Fraud,651.6,Won
CB-b7cc6532,TXN-ff48139c,2025-01-18 06:32:46,Fraud,472.14,Won
CB-f341836d,TXN-f2dd86af,2025-12-19 18:43:38,Product Not Received,1461.41,Won
CB-180d8d8b,TXN-40b01644,2025-07-03 02:17:36,Fraud,493.69,Lost
CB-264a7795,TXN-96949ffe,2025-10-11 20:30:18,Duplicate,568.56,Lost
CB-3f31d620,TXN-506a2c5f,2025-03-06 20:44:44,Product Not Received,674.67,Lost
CB-788e58c2,TXN-25444b9b,2025-06-04 12:31:49,Product Not Received,1555.05,Pending
CB-872cbdbb,TXN-7f1acc64,2025-06-21 02:08:19,Duplicate,1266.9,Lost
CB-4ceee4ca,TXN-677b48a8,2025-09-11 08:45:40,Duplicate,378.25,Pending
CB-3e166127,TXN-1178055f,2025-02-05 10:47:49,Duplicate,1244.43,Won
CB-b60d6cf4,TXN-b1073774,2025-02-28 02:40:45,Fraud,693.36,Lost
CB-31417cc5,TXN-63991bd0,2025-07-23 04:32:32,Fraud,951.43,Won
CB-7f85d724,TXN-59d5bea3,2025-11-19 04:08:37,Fraud,903.3,Lost
CB-759ea33a,TXN-90fa28da,2025-11-13 10:35:02,Fraud,1528.25,Pending
CB-63f88102,TXN-17e0845e,2025-10-29 20:55:34,Fraud,386.33,Pending
CB-5959cf0a,TXN-67b1ad95,2025-06-09 07:59:12,Product Not Received,558.2,Pending
CB-297c6419,TXN-dc81d762,2025-11-12 06:09:09,Duplicate,1202.48,Lost
CB-b3ac1ac5,TXN-90ec2b91,2025-06-17 20:38:52,Product Not Received,1566.23,Won
CB-33d7b347,TXN-2d803350,2025-05-08 11:23:35,Duplicate,482.43,Won
CB-f4bdfd8b,TXN-567a5736,2025-11-07 22:31:04,Duplicate,1354.24,Won
CB-b72429d3,TXN-4e51783f,2025-01-20 19:22:50,Duplicate,1941.54,Pending
CB-0076d31f,TXN-936a169f,2025-08-09 07:43:06,Fraud,565.06,Lost
CB-8c73d3b9,TXN-37bd5b55,2025-11-21 00:03:11,Duplicate,1086.76,Won
CB-02f9bfaf,TXN-168e68a9,2025-11-24 20:44:42,Product Not Received,250.39,Lost
CB-1d7098a3,TXN-34718438,2025-08-19 21:57:06,Duplicate,486.95,Pending
CB-31b893fe,TXN-bf9a9c3b,2025-07-10 08:51:40,Duplicate,97.97,Won
CB-2d273bdc,TXN-93dddfe2,2025-05-14 10:45:14,Fraud,1999.33,Pending
CB-3f8b8b0a,TXN-cca8a476,2026-01-04 20:10:39,Fraud,474.41,Pending
CB-517fb059,TXN-6e583a62,2026-01-31 09:52:08,Product Not Received,345.72,Pending
CB-2816a81c,TXN-48e55785,2025-08-26 15:26:45,Product Not Received,621.59,Won
CB-b7b02937,TXN-81c67056,2025-11-11 08:25:41,Duplicate,1763.63,Lost
CB-53d46c06,TXN-e439472c,2025-04-19 06:59:33,Duplicate,1258.15,Won
CB-4c1fb55d,TXN-e0138a97,2025-12-22 07:00:37,Product Not Received,1940.67,Won
CB-fbb2d1a2,TXN-62108e90,2025-08-01 23:32:07,Fraud,1774.57,Lost
CB-dbe4d39b,TXN-ae5e0f68,2025-09-21 08:44:41,Duplicate,1158.83,Pending
CB-4423b8b7,TXN-db4df1f0,2025-09-10 08:29:10,Fraud,824.72,Pending
CB-e54fecab,TXN-e3ee4ccb,2025-01-22 22:13:45,Product Not Received,1082.76,Lost
CB-65192445,TXN-bb184ad5,2025-07-19 17:57:57,Duplicate,1210.66,Lost
CB-54caa4de,TXN-b19c61cb,2025-10-21 23:18:50,Duplicate,861.61,Won
CB-59038c14,TXN-8c4d239f,2025-04-22 12:36:48,Duplicate,1787.92,Lost
CB-48ad2590,TXN-d57f4f21,2025-09-16 09:52:32,Duplicate,1068.05,Won
CB-9c6aae0b,TXN-21b4d34e,2025-04-25 05:34:11,Product Not Received,1628.94,Won
CB-878f43ea,TXN-64cae98b,2025-05-22 02:01:20,Fraud,256.94,Pending
CB-8b5c01ae,TXN-619e2515,2025-03-03 09:14:15,Duplicate,629.19,Won
CB-00eb8b32,TXN-8f642f25,2025-06-16 09:18:17,Fraud,106.98,Lost
CB-b653f020,TXN-5d3947a3,2025-11-18 07:25:34,Product Not Received,1384.57,Won
CB-98238815,TXN-6693f00b,2025-02-13 15:31:17,Duplicate,365.88,Lost
CB-76944482,TXN-2ec28d65,2026-01-01 14:02:35,Product Not Received,1028.99,Won
CB-7ca22d3a,TXN-dcc2ef8d,2025-07-08 16:02:48,Product Not Received,1784.97,Lost
CB-7685dcbe,TXN-60211e2d,2025-05-13 08:15:42,Product Not Received,28.63,Won
CB-013285a0,TXN-fc6c1dc6,2025-10-30 01:01:24,Fraud,1582.74,Won
CB-15fe64a1,TXN-0170b9f4,2025-04-19 19:15:07,Product Not Received,83.19,Won
CB-d3ef3e5a,TXN-c5a684fb,2025-02-23 20:25:31,Duplicate,1865.68,Won
CB-7395eba5,TXN-9980bc6e,2025-07-22 06:16:42,Product Not Received,1762.27,Lost
CB-3d9c7eb6,TXN-0198a7c9,2025-04-20 06:17:26,Product Not Received,847.37,Pending
CB-44214148,TXN-0d2fd4cc,2025-06-29 12:58:41,Fraud,874.1,Won
CB-2bc51497,TXN-c0e21387,2026-01-10 05:10:42,Duplicate,1933.88,Lost
CB-072b55a2,TXN-72ec16f8,2025-08-04 20:16:32,Fraud,1673.28,Pending
CB-b200a476,TXN-95167cdc,2025-11-22 11:46:56,Duplicate,881.44,Won
CB-72598e45,TXN-6a3001cf,2025-07-19 06:46:45,Product Not Received,1334.01,Pending
CB-a4d94866,TXN-200842cc,2025-06-12 06:52:38,Fraud,1682.04,Lost
CB-13cda0ba,TXN-a320340f,2025-01-15 14:37:57,Product Not Received,1389.42,Won
CB-bfce546e,TXN-f4fc010e,2026-01-07 17:43:01,Duplicate,692.4,Lost
CB-44fcce94,TXN-675a83bd,2025-12-30 19:06:54,Duplicate,1774.35,Lost
CB-2b857835,TXN-96d849cd,2025-02-16 23:14:45,Duplicate,1316.15,Lost
CB-9bf1ec3c,TXN-c9ef7057,2025-08-28 05:26:40,Product Not Received,209.0,Won
CB-66aa0981,TXN-db137dad,2025-09-06 21:51:29,Fraud,1667.53,Pending
CB-4712645e,TXN-06c4362c,2025-07-27 08:17:01,Fraud,1827.31,Won
CB-8b244101,TXN-e4c9f39b,2025-09-23 17:42:51,Duplicate,850.34,Lost
CB-43265d06,TXN-379af550,2026-01-24 00:14:05,Duplicate,1542.76,Lost
CB-aba931d0,TXN-607fbeea,2025-11-05 05:36:27,Fraud,1094.46,Lost
CB-cfb7343b,TXN-e237efe7,2026-01-15 19:13:29,Duplicate,1833.99,Lost
CB-cc6d2f94,TXN-1429640a,2026-01-31 09:20:18,Product Not Received,624.59,Pending
CB-24d75e9d,TXN-987113d2,2026-01-27 04:29:00,Product Not Received,1356.38,Pending
CB-1dba1862,TXN-876e0719,2026-01-15 01:35:14,Duplicate,719.83,Won
CB-6c526b6e,TXN-de6355a4,2025-10-04 23:59:45,Duplicate,1312.35,Won
CB-8ffa8aff,TXN-083a002a,2025-12-13 06:58:22,Duplicate,1696.83,Lost
CB-8958660c,TXN-9cf56a54,2025-08-12 09:53:45,Product Not Received,70.49,Won
CB-97528f54,TXN-6cbd36cd,2025-07-28 23:54:47,Duplicate,1695.32,Lost
CB-9ec436e6,TXN-dd64e90e,2025-12-21 22:26:33,Duplicate,1361.62,Won
CB-4f2b21cb,TXN-033a3f8f,2025-08-29 18:28:25,Product Not Received,421.21,Lost
CB-f710bfcc,TXN-f903a615,2025-04-28 16:14:53,Product Not Received,122.36,Won
CB-21c490dd,TXN-5684bb7b,2025-05-10 16:10:00,Product Not Received,904.37,Pending
CB-47c54f64,TXN-3b23844a,2025-05-19 00:13:32,Product Not Received,1945.7,Lost
CB-43ac3c24,TXN-beb59a30,2025-02-11 09:00:02,Product Not Received,41.57,Won
CB-f8f963f8,TXN-50b714a5,2025-12-07 03:47:11,Product Not Received,43.13,Pending
CB-d78b6bd3,TXN-df5cf077,2025-12-04 16:04:36,Product Not Received,1705.7,Pending
CB-6974c348,TXN-06e45c38,2025-02-07 10:27:17,Duplicate,266.89,Pending
CB-17fe08fb,TXN-92d16a96,2025-09-28 01:23:09,Duplicate,383.44,Won
CB-c5e51074,TXN-182a0e4b,2026-01-05 23:36:59,Fraud,299.17,Lost
CB-3b2d3dad,TXN-41ad1248,2026-01-04 13:02:49,Fraud,827.55,Won
CB-f0c22ffc,TXN-c1e113d2,2025-04-16 04:23:32,Product Not Received,1403.72,Pending
CB-71c88a9d,TXN-d25d21d0,2025-10-14 04:28:46,Duplicate,1313.02,Pending
CB-9b0c4414,TXN-c21b7dab,2025-10-06 07:29:13,Product Not Received,1662.12,Lost
CB-ba8c67ad,TXN-e2309858,2025-09-23 12:32:46,Product Not Received,1783.91,Won
CB-65d5f032,TXN-81a511c7,2025-10-14 02:53:46,Product Not Received,1404.19,Lost
CB-50ba0e8a,TXN-c1ca6f08,2026-01-15 18:31:13,Duplicate,259.01,Pending
CB-37d77147,TXN-3faa1780,2025-10-06 12:32:05,Product Not Received,976.69,Won
CB-a8564ca4,TXN-807a7507,2025-11-01 13:31:27,Duplicate,1756.62,Won
CB-9f29044d,TXN-18f456cc,2025-04-30 17:57:33,Duplicate,554.53,Won
CB-a8a49870,TXN-cbf36a91,2025-12-02 18:11:56,Product Not Received,1072.98,Won
CB-110c019b,TXN-bf6395b8,2025-12-13 03:13:16,Fraud,709.18,Lost
CB-c5980b93,TXN-7086d258,2025-02-06 21:40:28,Duplicate,1932.67,Lost
CB-f59dc6f6,TXN-1deda9a4,2025-08-28 02:15:59,Duplicate,353.95,Lost
CB-21ec829b,TXN-066df068,2025-10-27 20:15:37,Product Not Received,105.18,Pending
CB-f48854b3,TXN-ac9b6254,2025-01-20 22:45:23,Duplicate,675.3,Won
CB-676b2492,TXN-423232db,2025-03-30 09:25:43,Duplicate,66.62,Won
CB-9c72cb60,TXN-b24ba1ff,2025-11-20 14:25:48,Fraud,1480.29,Lost
CB-c7654287,TXN-7ee8633c,2025-09-04 16:07:36,Fraud,809.46,Lost
CB-75604b17,TXN-2f6addf2,2025-08-03 02:59:20,Duplicate,1374.32,Pending
CB-d2bf8665,TXN-7050803e,2025-12-03 15:37:53,Duplicate,385.75,Lost
CB-d96f3c8d,TXN-20807496,2025-10-01 17:16:28,Fraud,1755.5,Lost
CB-b98a0a37,TXN-508300f7,2025-11-17 10:17:38,Fraud,1648.31,Pending
CB-b9342476,TXN-3e12a593,2026-01-16 19:05:03,Duplicate,1771.36,Pending
CB-c569eef6,TXN-bfcd9839,2025-05-12 07:21:29,Fraud,1862.35,Pending
CB-5ac9b4bd,TXN-aef7d67f,2025-03-04 18:56:38,Fraud,996.7,Won
CB-367ec87e,TXN-e6e26a5d,2025-07-06 15:26:32,Duplicate,921.95,Lost
CB-0fed1fa0,TXN-8db3847c,2025-03-21 02:50:37,Duplicate,79.18,Won
CB-99d9821a,TXN-496b805c,2025-12-18 23:58:43,Duplicate,1840.34,Pending
CB-3c1ebc88,TXN-d90ef79a,2025-05-15 07:06:46,Product Not Received,1161.26,Won
CB-5dc78774,TXN-98f41cec,2025-06-27 17:42:03,Fraud,69.64,Pending
CB-9907b4c2,TXN-bf638208,2025-01-14 03:31:37,Fraud,1606.84,Won
CB-48bd177c,TXN-6a28b636,2025-04-09 23:25:53,Fraud,776.7,Won
CB-e65d2275,TXN-0fb9ec56,2025-12-20 00:13:12,Fraud,1612.14,Lost
CB-aab82931,TXN-93005449,2026-01-05 21:39:36,Duplicate,510.8,Won
CB-8ef0c8f9,TXN-d0ea3273,2025-03-13 05:24:50,Fraud,153.14,Lost
CB-4ec5330f,TXN-878dd7b9,2025-04-14 15:36:00,Product Not Received,1169.2,Lost
CB-e3cadcdd,TXN-3c1c33b4,2025-05-21 10:04:09,Product Not Received,470.79,Lost
CB-3fc4c03d,TXN-c0304be6,2026-01-23 13:17:51,Duplicate,1450.12,Lost
CB-770d56ef,TXN-096a6eb3,2025-07-12 20:12:52,Product Not Received,1077.34,Pending
CB-e208e297,TXN-21937eb3,2025-09-13 13:51:49,Duplicate,1809.27,Lost
CB-81c80271,TXN-04c66826,2025-07-19 14:11:31,Duplicate,1087.62,Pending
CB-7f743b3c,TXN-75c7a43d,2025-02-06 23:35:15,Duplicate,1682.48,Pending
CB-5f9fafe6,TXN-af34fc1b,2025-08-10 18:32:18,Fraud,820.98,Lost
CB-6017d819,TXN-1d801b3d,2025-06-26 13:04:15,Fraud,612.65,Won
CB-70129f47,TXN-770a5868,2025-08-01 00:56:29,Fraud,1152.1,Pending
CB-34866f7a,TXN-509d100d,2025-11-23 03:00:25,Product Not Received,265.33,Lost
CB-4f18ea82,TXN-2afc387c,2025-05-02 08:56:33,Product Not Received,1857.25,Pending
CB-ee9f365b,TXN-50bb0e90,2025-04-09 20:31:50,Product Not Received,935.26,Lost
CB-3463c15b,TXN-d24e6e2a,2025-11-03 05:45:01,Fraud,1297.94,Pending
CB-af31f16e,TXN-9cda9cda,2025-02-21 17:58:12,Duplicate,52.53,Lost
CB-54a21dee,TXN-83088544,2025-03-20 02:36:08,Fraud,1394.69,Lost
CB-fcf4e086,TXN-c3b679b7,2025-11-29 12:45:12,Fraud,1600.88,Pending
CB-17e082ce,TXN-41a5e8d5,2025-09-08 23:09:55,Product Not Received,333.08,Lost
CB-1e80a42c,TXN-457fdcf6,2025-04-14 04:58:17,Duplicate,430.8,Lost
CB-00f14452,TXN-d3089ab0,2025-04-18 20:11:49,Product Not Received,1743.37,Lost
CB-20f4de2f,TXN-d92fe151,2025-03-06 11:43:43,Fraud,634.82,Pending
CB-a6f4da6d,TXN-220d479c,2025-03-18 08:05:38,Fraud,187.67,Pending
CB-797d68d1,TXN-79ba9eb5,2025-01-15 06:23:06,Product Not Received,969.01,Pending
CB-01e6e87c,TXN-88f64248,2025-10-17 09:53:35,Product Not Received,934.41,Won
CB-9879bb06,TXN-1d4be24f,2025-07-02 14:30:08,Product Not Received,1958.9,Lost
CB-d5e47766,TXN-6c03955e,2025-06-17 00:44:39,Duplicate,759.03,Won
CB-9a9f4b8e,TXN-e5f12f71,2026-01-17 11:37:14,Fraud,1911.59,Won
CB-8d05f8b9,TXN-cf03b324,2025-08-12 01:07:54,Fraud,737.16,Lost
CB-81f7769c,TXN-a9576e27,2025-11-03 04:24:43,Duplicate,913.52,Won
CB-bd60392b,TXN-8407a8df,2025-07-11 09:07:34,Fraud,255.28,Pending
CB-9646b6f9,TXN-3df24209,2026-01-10 00:30:18,Product Not Received,238.7,Lost
CB-eab51683,TXN-6b356662,2025-03-03 23:41:51,Fraud,1619.86,Lost
CB-949711de,TXN-f653312f,2025-05-11 11:26:45,Duplicate,631.31,Won
CB-51394d15,TXN-cbabd3dc,2025-04-24 20:32:34,Fraud,1849.25,Lost
CB-d0669d03,TXN-616d470e,2025-05-03 09:47:14,Duplicate,166.16,Lost
CB-a91bab17,TXN-dbbc0421,2026-01-08 06:29:52,Fraud,840.91,Lost
CB-3de88794,TXN-b1d71b62,2025-02-13 15:59:02,Fraud,873.12,Pending
CB-f8f1d6c3,TXN-fe813ba3,2025-03-09 22:35:47,Fraud,676.17,Won
CB-2c035d62,TXN-bb181ca9,2025-07-08 22:23:37,Fraud,1946.02,Lost
CB-54f54d9c,TXN-9a0316ca,2026-01-07 17:00:39,Fraud,363.91,Won
CB-a594c435,TXN-a6fa9164,2025-10-14 23:42:30,Product Not Received,1064.87,Lost
CB-7e635eee,TXN-e9901cb2,2025-05-14 06:12:37,Product Not Received,1703.12,Won
CB-6b3266ce,TXN-f8097a45,2025-08-30 15:45:48,Fraud,1534.05,Won
CB-6f7e04a0,TXN-e2c3f526,2025-05-08 12:09:35,Fraud,629.3,Pending
CB-682dd231,TXN-f7daa158,2025-04-03 14:38:33,Fraud,1052.73,Pending
CB-9db3f5bb,TXN-18a74fc7,2025-12-09 18:32:02,Fraud,691.91,Pending
CB-1ad25974,TXN-d20d9d09,2025-07-29 05:23:57,Duplicate,284.83,Won
CB-a2ddba20,TXN-d406afd5,2025-03-17 00:14:26,Duplicate,164.93,Lost
CB-399ad0af,TXN-55b91af7,2025-02-19 00:43:13,Fraud,1994.8,Pending
CB-6c280c9f,TXN-7a90a439,2025-02-26 13:56:19,Duplicate,1752.89,Lost
CB-7f3a127e,TXN-adea3c01,2025-10-06 08:01:54,Product Not Received,1641.97,Pending
CB-66272801,TXN-e850c43c,2025-02-03 02:13:48,Fraud,587.63,Won
CB-b05a18fe,TXN-85a04843,2025-12-20 03:49:27,Duplicate,876.54,Lost
CB-acfb5dfb,TXN-03cca7fc,2026-01-31 18:34:11,Fraud,816.38,Pending
CB-60cbea03,TXN-baa1e7b1,2026-01-24 20:01:30,Fraud,1204.98,Won
CB-b246a528,TXN-287c233e,2025-08-15 06:29:26,Duplicate,486.53,Pending
CB-55b0fd16,TXN-6c2228a6,2025-09-05 08:48:43,Product Not Received,1737.86,Pending
CB-c0f3a503,TXN-56340f59,2025-05-14 23:04:35,Duplicate,1730.38,Pending
CB-d6dc3501,TXN-4d299207,2025-03-09 11:45:35,Product Not Received,630.58,Lost
CB-f31cdda2,TXN-61123b62,2025-04-10 10:24:31,Duplicate,1471.42,Won
CB-6e3d7e30,TXN-278b6707,2025-02-17 10:46:22,Product Not Received,503.79,Lost
CB-dc18832c,TXN-d19bdc54,2025-08-04 02:22:48,Duplicate,939.36,Pending
CB-c8482828,TXN-a0cebf53,2025-05-03 22:33:15,Duplicate,699.6,Lost
CB-984951b0,TXN-163b1cc4,2025-04-12 23:38:29,Product Not Received,1447.07,Pending
CB-48ada17d,TXN-1048e299,2025-02-12 20:15:17,Duplicate,382.86,Won
CB-14be2552,TXN-1239b0ad,2025-10-11 12:32:36,Duplicate,1985.03,Lost
CB-490ea299,TXN-9d6fdae5,2025-11-08 13:33:40,Fraud,105.63,Pending
CB-dc4021c8,TXN-49906c57,2025-05-30 23:23:56,Product Not Received,862.42,Won
CB-b3c8d707,TXN-41a48725,2025-09-11 16:29:24,Fraud,1432.0,Won
CB-0f7bf4e7,TXN-bab8f01d,2025-06-27 23:41:30,Fraud,828.53,Lost
CB-93aad3da,TXN-5eb818a8,2025-06-17 10:14:49,Duplicate,1104.45,Pending
CB-737bb876,TXN-3663882a,2025-03-03 16:10:59,Duplicate,626.8,Lost
CB-664e16af,TXN-7f1cbddd,2025-02-13 08:59:17,Fraud,1596.45,Pending
CB-46df8078,TXN-3231302f,2025-12-24 13:58:42,Fraud,171.11,Pending
CB-33a26544,TXN-c779af1c,2025-11-07 06:53:00,Fraud,540.66,Won
CB-893e7cdb,TXN-acd13b46,2025-03-14 23:06:35,Duplicate,428.7,Won
CB-25bcd01f,TXN-90031d18,2025-08-20 09:43:55,Product Not Received,701.1,Lost
CB-d001f002,TXN-78b63b28,2025-07-05 02:55:17,Product Not Received,118.54,Pending
CB-8143b73b,TXN-a366863d,2025-09-21 08:49:49,Duplicate,623.39,Pending
CB-fe26970f,TXN-17e75fac,2025-10-26 05:19:00,Product Not Received,1711.37,Pending
CB-3f036b8d,TXN-f1dcf0a9,2025-06-14 00:26:03,Fraud,1297.48,Lost
CB-edd2699d,TXN-ded8844f,2025-02-11 08:34:58,Product Not Received,1399.78,Pending
CB-81b50dc2,TXN-291214dc,2025-02-08 08:43:22,Product Not Received,1947.33,Pending
CB-0de36e1a,TXN-86946395,2026-01-22 04:51:35,Duplicate,1828.3,Lost
CB-d5e3a7af,TXN-bae0fdbe,2025-03-01 11:57:34,Fraud,810.31,Pending
CB-be2cc5e9,TXN-b31a3a93,2025-11-07 09:36:14,Fraud,667.93,Pending
CB-02a834f7,TXN-6c868aa4,2025-10-04 03:24:32,Fraud,874.14,Pending
CB-7c16e22a,TXN-57a12d2d,2025-01-24 00:46:59,Product Not Received,1058.44,Won
CB-23b0007e,TXN-964f02ec,2025-11-26 22:24:31,Duplicate,1017.97,Pending
CB-feb01b9c,TXN-43132633,2025-12-26 07:34:52,Duplicate,207.84,Won
CB-4ba2feaa,TXN-549516ed,2025-09-27 21:16:44,Fraud,1365.09,Lost
CB-bf2e9c63,TXN-1be309c9,2025-08-17 07:54:40,Duplicate,873.98,Lost
CB-65fe24e3,TXN-da14e00f,2025-08-28 02:09:35,Product Not Received,869.98,Pending
CB-3c965ca5,TXN-56bb688f,2025-07-09 08:16:05,Product Not Received,1937.41,Pending
CB-dfd4d8ba,TXN-f0748ceb,2025-07-16 21:46:30,Product Not Received,166.79,Lost
CB-546aed91,TXN-2dd53d01,2025-03-25 02:26:36,Fraud,1850.34,Lost
CB-668bca3c,TXN-ffc66a13,2025-05-16 23:54:04,Duplicate,421.49,Pending
CB-12ef3c1c,TXN-96d7bbe1,2025-09-23 21:28:16,Fraud,1945.66,Lost
CB-db0baef8,TXN-ff63c4cf,2025-08-10 05:44:56,Product Not Received,1937.33,Lost
CB-23c47d3c,TXN-1d051134,2025-07-30 05:16:29,Fraud,1340.28,Lost
CB-aabfbc5b,TXN-62ffc5d8,2025-03-16 21:13:26,Fraud,128.27,Lost
CB-bcf0c740,TXN-d2195c32,2025-12-12 05:56:29,Duplicate,918.99,Won
CB-d6964a3f,TXN-694353ee,2025-04-06 12:26:12,Duplicate,921.67,Pending
CB-c49a0742,TXN-d908c1a7,2025-12-01 20:28:05,Duplicate,1298.88,Won
CB-a8e17d3a,TXN-32dad20a,2025-04-08 07:42:14,Duplicate,1055.55,Pending
CB-e3260538,TXN-adf20a30,2025-08-31 04:00:05,Duplicate,1276.19,Pending
CB-ead99262,TXN-71dabeea,2025-08-14 13:27:20,Product Not Received,88.11,Pending
CB-9fe484bc,TXN-d69b0302,2025-07-21 07:03:44,Fraud,1102.77,Won
CB-e5b90dc1,TXN-8d3544f5,2025-08-02 17:02:53,Fraud,610.84,Pending
CB-4832186d,TXN-e379e964,2026-02-06 04:20:07,Duplicate,1752.81,Lost
CB-e3a1983f,TXN-b4442704,2025-07-08 01:11:27,Fraud,1912.04,Won
CB-c971711a,TXN-4fed3719,2025-08-01 06:23:35,Product Not Received,1604.5,Won
CB-5f3067ce,TXN-641c5aef,2025-04-28 08:57:24,Fraud,1453.09,Won
CB-3bc4b4f8,TXN-12ededc7,2025-05-28 13:26:10,Duplicate,1071.77,Won
CB-bed751b9,TXN-7ed240eb,2025-06-10 02:15:25,Fraud,1385.16,Won
CB-c871229a,TXN-a51ea5de,2025-08-02 12:17:56,Duplicate,993.18,Pending
CB-84e143a0,TXN-b8b7db86,2025-03-08 11:06:28,Product Not Received,268.77,Lost
CB-ec63b94b,TXN-aa25c511,2025-06-15 03:04:38,Product Not Received,832.61,Won
CB-2fede7b5,TXN-e9365c8a,2025-03-08 13:14:42,Duplicate,794.99,Won
CB-da3e7b03,TXN-835b4e15,2025-09-15 00:49:18,Fraud,1020.81,Pending
CB-2e4809ea,TXN-7df8df18,2025-11-28 15:25:25,Duplicate,1980.57,Pending
CB-208daacf,TXN-169f80b0,2025-02-03 04:16:24,Duplicate,1216.25,Won
CB-7ba872e4,TXN-df28ec87,2025-04-21 18:01:19,Fraud,1651.29,Pending
CB-41b57ca6,TXN-27cef910,2025-06-27 23:13:20,Product Not Received,1944.58,Lost
CB-1c3b6562,TXN-0dbdd35c,2025-12-17 09:37:46,Fraud,1775.85,Lost
CB-d2e31ed6,TXN-b9a22cfb,2025-11-03 12:29:17,Fraud,222.52,Lost
CB-e8814bce,TXN-5ffb42e9,2025-07-21 21:06:27,Duplicate,993.75,Won
CB-b561177f,TXN-72f38348,2025-02-23 20:12:35,Duplicate,208.15,Pending
CB-edfc756e,TXN-a98af22a,2025-05-19 15:42:48,Duplicate,1659.9,Pending
CB-7e476521,TXN-9dad1878,2025-07-11 00:20:42,Product Not Received,606.77,Pending
CB-f3363aab,TXN-54311c5e,2025-04-20 12:34:25,Duplicate,1411.45,Pending
CB-350e5077,TXN-fad1cba0,2025-02-23 21:42:08,Fraud,505.67,Won
CB-a5468ff7,TXN-73882023,2025-11-05 18:34:34,Fraud,183.61,Won
CB-cc72ce32,TXN-a2de16b9,2025-01-19 06:03:03,Product Not Received,1711.52,Pending
CB-9b23b0ed,TXN-a8ce4daa,2025-04-23 09:58:55,Product Not Received,398.97,Won
CB-ea3a8754,TXN-ce00cec6,2025-06-30 18:31:05,Duplicate,1585.9,Won
CB-3de38a84,TXN-c66bc1fe,2025-10-16 05:54:30,Product Not Received,964.66,Lost
CB-11eab2a0,TXN-7a118e04,2025-09-21 21:03:28,Fraud,428.89,Lost
CB-8a1d8a05,TXN-689d11d6,2025-10-23 13:41:07,Duplicate,340.79,Won
CB-21ee9972,TXN-04eb187e,2025-12-25 03:53:01,Fraud,457.53,Lost
CB-3ee87e26,TXN-6cfc982c,2025-06-18 07:21:49,Fraud,1005.08,Lost
CB-f603f7ef,TXN-6eb451ac,2025-12-07 00:19:04,Duplicate,928.8,Pending
CB-45e204e5,TXN-3446ab69,2025-08-18 07:14:29,Product Not Received,1991.25,Lost
CB-5268cddf,TXN-cc7af91f,2025-12-08 19:25:39,Duplicate,1112.56,Won
CB-de34a0e9,TXN-8893e656,2025-09-21 01:20:51,Fraud,941.16,Pending
CB-58f3f9d2,TXN-75a6bce6,2025-07-15 17:14:10,Duplicate,1556.79,Won
CB-81b8b36b,TXN-47247ca1,2025-03-24 13:05:21,Duplicate,1275.81,Pending
CB-cd305d8c,TXN-c6553bc6,2026-01-24 13:49:02,Product Not Received,826.12,Pending
CB-9a296c44,TXN-525787dd,2026-01-11 12:58:14,Product Not Received,1576.25,Won
CB-c71672c5,TXN-01c5218b,2025-06-21 15:58:27,Duplicate,1484.82,Won
CB-c32daad6,TXN-a8bbcf9e,2025-06-21 23:23:46,Product Not Received,1628.58,Lost
CB-60f38662,TXN-6e332c89,2025-06-20 07:08:50,Fraud,1314.46,Lost
CB-c8e27e90,TXN-d360f927,2025-07-30 07:27:43,Product Not Received,1226.15,Lost
CB-f4db4fe1,TXN-4ea01b7c,2025-02-10 02:58:21,Product Not Received,607.14,Lost
CB-e5dfebd4,TXN-30d64a00,2025-07-10 20:59:13,Duplicate,1875.74,Lost
CB-f0190e57,TXN-220101e6,2025-11-08 04:40:30,Fraud,1510.5,Won
CB-1f52ddaa,TXN-519f1e55,2025-10-05 02:29:47,Product Not Received,791.43,Won
CB-c586e6dd,TXN-467ee68c,2025-03-22 02:34:28,Duplicate,1552.81,Pending
CB-9145b8f5,TXN-4517b05f,2025-06-11 11:43:03,Fraud,227.52,Won
CB-a787d349,TXN-26a73a45,2025-10-16 12:47:41,Fraud,1018.21,Won
CB-d531980d,TXN-dd8467be,2025-06-01 18:42:48,Product Not Received,558.71,Won
CB-c112b17a,TXN-8c8890d6,2025-03-13 03:26:25,Product Not Received,738.09,Pending
CB-5e6173e5,TXN-6e3a99d6,2025-08-29 01:07:24,Product Not Received,474.63,Won
CB-229c0d5e,TXN-f609447b,2025-06-13 10:53:24,Fraud,991.24,Won
CB-e2112997,TXN-c3eb4e21,2025-02-20 10:52:56,Product Not Received,846.15,Won
CB-33bd3893,TXN-99189be1,2025-05-25 17:38:42,Product Not Received,1565.1,Lost
CB-4671434f,TXN-146b9fee,2026-01-14 07:32:17,Fraud,1034.44,Pending
CB-7a133b5f,TXN-2b8a0b40,2025-06-27 15:41:03,Product Not Received,11.26,Won
CB-0d6cc7d2,TXN-ca288d61,2025-11-21 09:53:27,Duplicate,1540.97,Lost
CB-d7ec95a3,TXN-8b7f573f,2025-05-15 07:47:18,Duplicate,228.52,Lost
CB-ef3c0377,TXN-153bdd00,2025-06-10 10:14:44,Duplicate,54.77,Pending
CB-e6574411,TXN-cf2c11c0,2025-05-21 05:53:40,Fraud,144.99,Lost
CB-4fe52d83,TXN-ce3c8e70,2025-08-05 16:57:04,Duplicate,1818.17,Lost
CB-6e599d04,TXN-674061f9,2025-11-17 06:28:39,Duplicate,1070.99,Won
CB-d2ddf92a,TXN-8c4d34bb,2025-04-30 14:25:41,Fraud,1536.84,Lost
CB-40c154f0,TXN-0edc23e6,2025-11-02 01:16:43,Product Not Received,1035.52,Lost
CB-96737818,TXN-c2a08cfb,2025-12-23 08:21:02,Duplicate,1376.5,Lost
CB-96ddc115,TXN-8b9f465b,2025-03-24 18:04:05,Fraud,669.99,Lost
CB-5632789d,TXN-6fef10dd,2025-07-10 09:52:34,Product Not Received,1885.38,Won
CB-d145dfd0,TXN-4f230323,2025-05-29 08:30:30,Fraud,1887.06,Won
CB-649830fc,TXN-95338593,2025-12-30 11:38:49,Fraud,1208.84,Won
CB-3105acec,TXN-0fab9328,2025-10-01 00:59:11,Product Not Received,1651.8,Won
CB-a8a5c1e6,TXN-47f1a5c3,2025-09-09 18:09:07,Product Not Received,1187.36,Lost
CB-3b277a83,TXN-06a53171,2025-03-05 07:57:08,Fraud,312.58,Lost
CB-748eeee4,TXN-736f56f1,2025-03-08 06:29:08,Product Not Received,1474.45,Lost
CB-0055539e,TXN-b5353c26,2025-02-27 02:13:38,Duplicate,1041.74,Lost
CB-277276e5,TXN-43b710bd,2025-03-30 08:54:14,Product Not Received,619.61,Lost
CB-c177a1b6,TXN-7f088ab9,2025-02-12 13:33:59,Duplicate,1937.2,Pending
CB-d90d329e,TXN-4452e480,2025-10-12 01:55:59,Duplicate,740.84,Won
CB-c26c1a17,TXN-3afba035,2025-07-25 10:26:20,Duplicate,416.38,Pending
CB-e49f9646,TXN-1c270bcb,2025-12-13 08:31:22,Fraud,1723.23,Pending
CB-ef383f32,TXN-b3db2526,2025-04-04 10:17:41,Product Not Received,157.37,Won
CB-e0d6d2ee,TXN-9af7e099,2025-09-27 10:16:05,Duplicate,1498.62,Pending
CB-2478b221,TXN-1c2832f1,2025-05-21 22:51:07,Product Not Received,322.67,Pending
CB-5d93e3b3,TXN-28310317,2025-08-19 07:00:48,Product Not Received,1242.83,Pending
CB-71684f40,TXN-eac151e5,2025-05-11 05:45:05,Duplicate,26.75,Lost
CB-831b78d0,TXN-7ce6dfb7,2025-03-12 23:03:25,Fraud,306.71,Won
CB-8dea5560,TXN-2c8c7922,2025-09-08 22:21:19,Duplicate,709.11,Won
CB-50ad5990,TXN-ab86993f,2025-04-26 06:38:35,Product Not Received,234.8,Won
CB-ec289970,TXN-20b007f7,2025-11-17 18:24:05,Fraud,1713.0,Won
CB-741b91fe,TXN-a653e460,2025-05-26 17:33:10,Duplicate,533.5,Lost
CB-b1090489,TXN-f6e1e40a,2025-01-13 14:33:47,Product Not Received,1760.56,Won
CB-1f5d77b2,TXN-db39d6aa,2025-11-23 19:43:55,Duplicate,1634.11,Lost
CB-fe4d5fcb,TXN-8fd21109,2025-03-04 02:09:36,Fraud,1132.31,Pending
CB-6d72bf25,TXN-b85f3de8,2025-03-10 01:56:22,Duplicate,1579.57,Pending
CB-7c81edca,TXN-fcbd760c,2025-09-19 15:59:29,Product Not Received,1377.37,Pending
CB-b32905c9,TXN-92d6863a,2025-06-20 06:16:44,Fraud,346.03,Pending
CB-ee09606c,TXN-338f55bf,2025-10-14 06:14:43,Duplicate,1753.12,Pending
CB-68bbd63e,TXN-a8d837a0,2025-11-08 14:25:41,Duplicate,670.52,Lost
CB-e20b31a3,TXN-7502442c,2025-08-30 03:41:07,Product Not Received,950.63,Pending
CB-bf816fd9,TXN-6f7eff4d,2025-04-07 20:04:33,Fraud,1828.33,Won
CB-fd54085f,TXN-803a7c18,2025-05-20 20:14:23,Fraud,900.24,Won
CB-752df667,TXN-c776c6ab,2025-05-15 07:40:23,Duplicate,1555.1,Won
CB-6bbcc449,TXN-c06bb26e,2025-03-08 10:23:24,Duplicate,931.18,Pending
CB-32ebff3d,TXN-43857be7,2025-03-20 17:08:17,Duplicate,345.19,Pending
CB-efce6c28,TXN-b59839ba,2025-12-28 06:23:49,Fraud,173.74,Pending
CB-314a297d,TXN-db6febc0,2025-07-19 07:44:13,Product Not Received,1694.74,Won
CB-5b3f41b4,TXN-b483734e,2026-01-08 22:10:07,Product Not Received,923.48,Won
CB-145d9519,TXN-e1f40661,2025-10-01 01:52:14,Product Not Received,1981.8,Pending
CB-7bed1069,TXN-a946f1be,2025-05-17 14:20:29,Duplicate,324.25,Lost
CB-79f1a911,TXN-cd4ae228,2025-05-10 07:16:01,Duplicate,564.16,Won
CB-568aae22,TXN-8c96204e,2025-03-03 00:39:28,Duplicate,853.8,Won
CB-21bd84a2,TXN-e7a8e7b3,2025-05-24 11:30:10,Product Not Received,622.47,Pending
CB-b3ed05cc,TXN-337f5c53,2025-03-18 22:00:22,Duplicate,671.51,Won
CB-bda518b7,TXN-344acadd,2025-05-29 05:22:23,Duplicate,635.43,Lost
CB-97144ef2,TXN-1d13aaa6,2025-11-07 06:19:47,Product Not Received,1358.88,Lost
CB-2d725226,TXN-59304724,2025-04-24 20:20:10,Product Not Received,1065.03,Won
CB-f1c80a76,TXN-2d24aaa0,2025-08-14 17:05:42,Product Not Received,1210.29,Won
CB-5bb861fd,TXN-99de2093,2025-10-01 01:52:19,Product Not Received,1480.37,Lost
CB-0264932d,TXN-3bd5661a,2025-04-16 01:59:52,Product Not Received,541.8,Pending
CB-cc6b5f36,TXN-4aec6688,2025-07-25 17:53:05,Duplicate,739.97,Lost
CB-96b11f49,TXN-616b77db,2025-02-15 01:41:51,Fraud,1356.14,Pending
CB-85045f4d,TXN-d6b33d55,2025-06-14 04:03:58,Product Not Received,1416.36,Lost
CB-8c765787,TXN-ad32e0b3,2025-11-13 08:44:30,Duplicate,552.36,Lost
CB-5cd666b0,TXN-e8c7dbdf,2025-07-20 17:44:44,Fraud,873.62,Lost
CB-78794c07,TXN-57a11123,2025-02-27 09:22:22,Duplicate,132.71,Pending
CB-8d8ee8d4,TXN-7ab0866e,2025-09-17 18:02:47,Fraud,128.27,Lost
CB-438fe692,TXN-ce6d105f,2025-11-09 18:03:15,Fraud,656.61,Lost
CB-b856ab11,TXN-e660ce31,2025-12-28 19:42:41,Fraud,833.31,Won
CB-1ef0d19d,TXN-675906b4,2025-05-30 21:36:38,Fraud,1454.12,Won
CB-5f1dbb5f,TXN-fd9eb762,2025-11-24 15:52:16,Product Not Received,982.38,Pending
CB-5bd5695b,TXN-0d43cb6e,2025-03-03 06:26:12,Duplicate,60.67,Won
CB-03c96138,TXN-360499e9,2025-09-12 07:34:11,Fraud,1885.14,Won
CB-678f87b0,TXN-7b8b7e2b,2025-12-27 18:36:40,Duplicate,158.68,Won
CB-b98c2fe8,TXN-7dd7e1b2,2025-06-20 12:58:36,Fraud,848.13,Pending
CB-12f501e5,TXN-7e4ae793,2025-10-25 03:07:06,Duplicate,1083.01,Lost
CB-42febf55,TXN-7149b7e4,2025-11-19 06:27:47,Fraud,947.34,Lost
CB-6d71e959,TXN-c55e3a0a,2025-11-02 09:53:19,Fraud,179.44,Pending
CB-808f5881,TXN-6b503894,2025-08-26 14:50:52,Duplicate,1010.87,Won
CB-f034b295,TXN-6b04bfcc,2025-03-19 18:39:42,Product Not Received,762.16,Won
CB-8036b5ab,TXN-958efe49,2025-03-09 17:40:58,Duplicate,418.31,Won
CB-0807a465,TXN-902c5ae9,2025-06-26 13:46:30,Product Not Received,1800.92,Lost
CB-6e8a09df,TXN-bd6abb5e,2025-05-07 07:13:53,Duplicate,1599.64,Pending
CB-edaa54ff,TXN-d0779fc0,2025-03-03 16:22:33,Fraud,1058.83,Lost
CB-c16a2d66,TXN-b4e8c252,2025-10-22 21:07:43,Product Not Received,337.42,Won
CB-647a56fd,TXN-c7c2d83a,2025-10-21 21:37:58,Fraud,606.82,Pending
CB-ab613242,TXN-1a2ae1d0,2025-12-03 19:52:23,Fraud,169.46,Pending
CB-003badc1,TXN-de673bce,2025-10-28 00:06:33,Fraud,527.33,Pending
CB-dafb5e02,TXN-d64b360a,2025-05-25 02:16:24,Fraud,793.31,Won
CB-aa99f568,TXN-6ea2f409,2025-09-11 14:07:08,Duplicate,796.94,Lost
CB-4ff4ed9e,TXN-d340452a,2026-01-16 21:33:19,Duplicate,1860.09,Lost
CB-2f470782,TXN-e8fa2541,2025-05-20 10:19:44,Duplicate,470.86,Lost
CB-90a33ca7,TXN-694dcf84,2025-12-17 06:27:07,Fraud,140.72,Won
CB-628df08e,TXN-47d4a89a,2025-05-22 00:15:33,Duplicate,1041.54,Lost
CB-a1735141,TXN-f83b3619,2025-06-06 18:16:43,Fraud,1502.49,Lost
CB-22893d1c,TXN-c33264aa,2025-08-18 20:27:54,Product Not Received,1002.14,Pending
CB-6816e6bf,TXN-a80c8253,2025-04-13 18:08:06,Fraud,1835.82,Won
CB-3875edc3,TXN-190a9df4,2025-03-18 15:42:04,Fraud,718.75,Won
CB-25739c4f,TXN-86fde0f8,2025-05-31 06:56:32,Product Not Received,673.86,Won
CB-20f5ef1a,TXN-012b069a,2025-06-16 15:42:42,Product Not Received,1466.17,Lost
CB-655dfad4,TXN-354315c5,2025-05-27 09:32:25,Fraud,281.94,Won
CB-3a0cd09d,TXN-6c943392,2025-02-28 11:35:37,Fraud,905.5,Pending
CB-23d88215,TXN-20a4ed05,2025-04-16 08:59:42,Product Not Received,375.95,Pending
CB-bf5e376f,TXN-e7cdeffc,2025-09-01 22:57:28,Product Not Received,1696.67,Pending
CB-10a600c6,TXN-a099ab95,2025-05-10 19:48:27,Duplicate,1572.38,Lost
CB-d0d69e95,TXN-24b84837,2025-08-18 13:14:43,Fraud,1370.18,Lost
CB-a9c6bb35,TXN-6dab5882,2025-02-21 22:09:39,Duplicate,1022.93,Won
CB-6b36b406,TXN-aa9c36c4,2025-03-28 11:36:15,Fraud,1247.1,Pending
CB-8c4b75f1,TXN-29a3da02,2025-10-11 14:50:58,Duplicate,1352.81,Pending
CB-0c64f339,TXN-9aea7422,2025-08-08 17:41:19,Product Not Received,1903.1,Pending
CB-0accd883,TXN-46933b6e,2025-06-22 08:02:34,Duplicate,1491.73,Lost
CB-43f2f771,TXN-72dbc8bb,2025-11-10 16:44:40,Duplicate,1956.7,Won
CB-e20c9f94,TXN-45d4a39a,2025-12-28 05:11:04,Product Not Received,1376.69,Lost
CB-52b74f94,TXN-b09ff9d5,2025-07-13 07:59:53,Product Not Received,550.53,Pending
CB-70ac5fdc,TXN-f2e0b8c8,2025-12-25 07:15:24,Duplicate,1969.41,Pending
CB-13b06be0,TXN-d07af2f2,2025-09-09 11:26:13,Product Not Received,1384.02,Won
CB-12b1be8f,TXN-0af102d3,2026-01-07 18:39:25,Product Not Received,1109.86,Pending
CB-b06bf24d,TXN-f31bc60a,2025-09-23 10:33:41,Product Not Received,43.87,Won
CB-efeed3e9,TXN-6d5db15f,2025-10-21 05:17:43,Fraud,1254.64,Pending
CB-955e3acc,TXN-4459c4e5,2025-03-31 10:32:32,Duplicate,1353.02,Pending
CB-ccf47238,TXN-53b50d36,2025-05-09 11:53:38,Fraud,1142.01,Pending
CB-73d4aecf,TXN-fb466330,2025-11-12 19:06:50,Fraud,1218.73,Pending
CB-25b2e84d,TXN-03ec265c,2025-09-06 16:56:27,Duplicate,17.2,Lost
CB-bd8e6cb5,TXN-fafef522,2025-03-25 04:06:11,Duplicate,1869.72,Pending
CB-da94be5a,TXN-e582ebea,2025-10-28 11:11:50,Fraud,403.62,Pending
CB-60da9e1f,TXN-94800008,2025-08-10 01:30:06,Product Not Received,15.29,Pending
CB-3a3d89f7,TXN-89db2b27,2025-04-14 16:39:06,Product Not Received,683.98,Lost
CB-e87f557d,TXN-125b8d18,2025-04-28 02:20:58,Fraud,1063.6,Lost
CB-50e06ba4,TXN-f9aff9b6,2025-04-13 17:37:44,Product Not Received,1584.84,Pending
CB-19b06987,TXN-f850ebcb,2025-06-10 05:37:02,Product Not Received,204.19,Won
CB-26805a84,TXN-66d09968,2025-06-30 18:11:24,Duplicate,515.16,Lost
CB-2ae82e44,TXN-41f2d9fe,2025-12-12 05:15:05,Duplicate,1891.14,Lost
CB-46ab58cd,TXN-7fdbd156,2025-12-25 22:27:04,Duplicate,315.66,Lost
CB-72a6b828,TXN-d92a95dd,2025-12-24 21:34:05,Duplicate,312.74,Lost
CB-6b09b29d,TXN-b4f91cf5,2025-04-16 20:44:24,Fraud,1119.12,Lost
CB-a8e9fbd9,TXN-d4ad8dfd,2026-01-30 17:48:23,Product Not Received,430.71,Pending
CB-7dbbc53d,TXN-33f5c1ca,2025-11-03 15:50:07,Duplicate,1852.34,Won
CB-1c64a27d,TXN-d7c53adf,2025-07-05 01:59:34,Fraud,865.63,Pending
CB-60bfeb45,TXN-56e15a6e,2025-03-04 21:54:56,Product Not Received,268.37,Pending
CB-02a42404,TXN-ab99a9f0,2025-10-21 03:54:30,Product Not Received,395.35,Pending
CB-62a8e34d,TXN-ba960126,2025-08-11 19:08:07,Product Not Received,1707.63,Lost
CB-0bab6ba8,TXN-21b4d6d4,2025-06-30 02:08:54,Fraud,1479.37,Won
CB-b91720a7,TXN-6b5c8437,2025-08-23 06:57:52,Duplicate,1411.74,Pending
CB-5bb7c613,TXN-8658bf31,2025-05-18 23:15:53,Duplicate,1979.75,Won
CB-3a8d4fc6,TXN-85a0225b,2025-11-06 11:23:31,Fraud,166.81,Won
CB-8afb0773,TXN-5a1adb8f,2025-07-07 00:11:55,Duplicate,1880.43,Lost
CB-958d2956,TXN-28e4ec40,2025-05-15 05:00:24,Product Not Received,157.19,Lost
CB-ff321d8c,TXN-06b1bfd5,2025-03-25 07:21:13,Duplicate,117.31,Pending
CB-98fe5b70,TXN-708f179a,2025-01-25 13:14:23,Duplicate,868.29,Won
CB-464b75fa,TXN-27c50f67,2025-01-16 05:22:01,Fraud,526.46,Lost
CB-c55436f6,TXN-40842e5f,2025-06-28 13:51:50,Product Not Received,629.07,Pending
CB-dac81b98,TXN-88cbe8b4,2025-06-25 06:43:31,Product Not Received,198.01,Pending
CB-f5707a4b,TXN-b8b1766d,2025-03-26 10:14:41,Product Not Received,422.91,Lost
CB-a32d88b0,TXN-9d359938,2025-12-20 21:50:07,Product Not Received,763.94,Lost
CB-4484d445,TXN-1bed4767,2025-01-31 13:53:19,Fraud,745.55,Won
CB-a75a7d6c,TXN-33b91879,2026-01-03 13:20:39,Duplicate,1718.56,Lost
CB-d65c9129,TXN-2805ecbc,2025-08-16 15:36:44,Fraud,759.35,Lost
CB-b708287c,TXN-b29ece8c,2025-06-11 07:25:04,Product Not Received,1511.87,Won
CB-263ccc81,TXN-1204ec4e,2025-09-23 05:42:09,Fraud,1291.87,Pending
CB-d469ccb5,TXN-46a3e42b,2025-10-22 18:33:40,Product Not Received,1484.25,Pending
CB-dcf508cc,TXN-7f1f1f1e,2025-10-04 23:06:10,Duplicate,437.5,Pending
CB-adfbeafb,TXN-b6268569,2025-07-12 02:59:16,Fraud,782.31,Pending
CB-81a257db,TXN-c3f05ab5,2025-11-24 04:39:15,Duplicate,1087.06,Pending
CB-8921a7c9,TXN-4c8cc19f,2025-04-03 08:32:55,Product Not Received,1378.32,Lost
CB-1c99bdfa,TXN-69d31fdb,2025-08-28 09:25:13,Product Not Received,131.49,Won
CB-b57cd542,TXN-65654eec,2025-01-14 15:39:20,Duplicate,410.15,Lost
CB-14c01892,TXN-05ec1ef9,2025-08-22 01:35:02,Product Not Received,1357.23,Won
CB-c951dce4,TXN-584df853,2025-05-13 04:27:58,Duplicate,230.3,Pending
CB-179baec7,TXN-b1c030ee,2025-04-16 22:12:24,Fraud,708.28,Won
CB-5d154f99,TXN-1226f0bf,2025-10-06 11:28:08,Product Not Received,1356.98,Lost
CB-abf0ae5c,TXN-5e6efcdd,2025-04-07 00:36:28,Duplicate,632.05,Lost
CB-95593936,TXN-f03dea3d,2025-10-04 23:38:16,Fraud,556.25,Pending
CB-1fdf4c95,TXN-43f5296b,2025-08-16 04:41:17,Duplicate,518.88,Pending
CB-840a2693,TXN-85025036,2025-09-08 09:07:09,Fraud,959.42,Lost
CB-08f7d8c2,TXN-90313461,2025-05-24 20:50:08,Fraud,238.27,Pending
CB-f196b602,TXN-1098137b,2025-11-01 08:06:53,Fraud,174.19,Lost
CB-17bb13db,TXN-e5c95dac,2025-05-13 19:27:18,Product Not Received,1424.01,Won
CB-7d9c0576,TXN-a3041539,2025-02-21 15:24:49,Product Not Received,721.49,Pending
CB-30cfbb80,TXN-12716552,2026-01-16 22:24:55,Fraud,1044.13,Won
CB-87aff203,TXN-70fee16a,2025-05-18 09:58:13,Fraud,203.44,Lost
CB-06103277,TXN-684fb967,2025-09-02 01:50:29,Duplicate,1139.47,Won
CB-0c502b2e,TXN-824d2c21,2025-09-19 07:17:05,Fraud,605.96,Pending
CB-a8964cd9,TXN-1d56c62a,2026-01-01 10:56:42,Fraud,335.53,Won
CB-edd84585,TXN-8e7949bd,2025-12-18 21:35:41,Fraud,116.23,Pending
CB-b9d9ae2c,TXN-5d2b97c2,2025-03-20 17:16:44,Duplicate,1521.11,Lost
CB-b5106833,TXN-83f1c6c6,2025-09-12 03:47:49,Duplicate,73.5,Pending
CB-785592ab,TXN-f8a2142f,2025-05-23 16:38:07,Product Not Received,951.29,Pending
CB-6f950364,TXN-e0cb5b93,2025-08-09 20:29:56,Fraud,1975.05,Pending
CB-c86893c8,TXN-7071a5aa,2025-08-13 11:32:45,Duplicate,1781.71,Lost
CB-408de306,TXN-57643b6e,2025-03-26 08:43:04,Fraud,523.52,Pending
CB-dbe6a15b,TXN-b0e03089,2026-01-10 01:43:14,Fraud,952.09,Lost
CB-5868c986,TXN-5d109027,2025-06-28 08:45:32,Fraud,401.39,Lost
CB-104049df,TXN-7b312dd1,2025-11-25 14:32:29,Fraud,1955.38,Pending
CB-0da75a94,TXN-721f4613,2025-05-17 11:21:00,Duplicate,732.31,Lost
CB-613d9326,TXN-3d3d7feb,2025-02-23 18:38:31,Duplicate,1596.43,Lost
CB-1c3aa291,TXN-4a948613,2025-06-19 12:26:07,Product Not Received,782.22,Pending
CB-aafe18f7,TXN-c2def9c8,2025-08-13 22:58:09,Product Not Received,1237.16,Lost
CB-071c8f79,TXN-3feb45e2,2025-10-20 14:58:11,Product Not Received,1930.89,Won
CB-e7f36bf2,TXN-b8f3513b,2025-09-11 06:13:40,Fraud,804.34,Won
CB-09f83d57,TXN-4f95339d,2025-07-23 12:07:01,Product Not Received,1967.89,Pending
CB-6f55e362,TXN-6612ace4,2025-06-25 13:26:35,Fraud,1024.74,Won
CB-dbeb6edb,TXN-9ecf5187,2025-05-04 01:04:44,Duplicate,206.5,Pending
CB-120ba333,TXN-e80940c3,2025-10-21 00:34:37,Duplicate,1248.1,Lost
CB-caec1c83,TXN-50fd2452,2025-03-29 11:01:35,Fraud,1646.68,Lost
CB-f2eb8616,TXN-7b1301f8,2025-09-21 00:39:19,Duplicate,27.88,Pending
CB-e2eada08,TXN-b430eb55,2025-04-17 08:26:18,Duplicate,1209.81,Lost
CB-38968519,TXN-5b5df24e,2025-11-16 18:54:38,Fraud,1138.83,Won
CB-d92054fc,TXN-3e54ce97,2026-01-04 04:57:57,Product Not Received,1543.74,Pending
CB-6acc9b89,TXN-a7340046,2025-07-25 05:15:54,Fraud,1095.5,Won
CB-b3a7c26e,TXN-590e98b6,2025-07-22 21:57:57,Fraud,532.29,Pending
CB-6537f062,TXN-7340d06c,2025-11-23 14:42:36,Duplicate,1620.25,Won
CB-5aef5473,TXN-4e775a62,2026-01-13 04:48:31,Duplicate,691.57,Pending
CB-4a960455,TXN-1f7f0445,2025-12-05 05:12:15,Duplicate,197.22,Pending
CB-21ff9fa2,TXN-c5fdc99b,2025-10-20 07:54:46,Fraud,1598.78,Won
CB-a1bf32b3,TXN-39c6860d,2025-07-21 10:54:14,Duplicate,750.93,Won
CB-dd20e099,TXN-ab3348da,2025-05-17 11:59:47,Duplicate,626.92,Won
CB-1cfe644b,TXN-ca184d8d,2025-07-16 16:46:36,Product Not Received,1440.53,Won
CB-14289604,TXN-71da6686,2025-05-30 07:54:45,Duplicate,39.87,Lost
CB-7fd20f07,TXN-63c450ca,2025-06-23 13:28:40,Duplicate,209.86,Lost
CB-69c7bac6,TXN-3ada7035,2025-12-14 04:47:31,Duplicate,898.54,Won
CB-a3eab391,TXN-8a5b5d4f,2025-05-04 04:33:04,Fraud,1861.74,Won
CB-2cea0c29,TXN-12e09915,2025-06-27 22:54:00,Duplicate,41.41,Lost
CB-be2da3e4,TXN-f819d5c0,2025-09-20 12:28:00,Product Not Received,150.15,Pending
CB-30b21803,TXN-f587f2ab,2025-06-11 05:03:16,Fraud,273.22,Won
CB-38a16251,TXN-e2a17605,2025-08-02 21:44:06,Duplicate,111.66,Won
CB-1b860a95,TXN-d98eb257,2025-03-01 14:14:18,Fraud,1340.24,Pending
CB-8244cf61,TXN-2b374e82,2025-05-11 12:40:24,Product Not Received,877.3,Pending
CB-c512a3ee,TXN-2a35b927,2025-11-12 22:44:54,Duplicate,1871.34,Lost
CB-de68d2e1,TXN-845b3811,2025-02-17 17:16:58,Product Not Received,1711.3,Pending
CB-2bf3363f,TXN-4ffcb606,2025-11-09 04:06:03,Duplicate,972.7,Lost
CB-75fb01c8,TXN-14699c70,2025-03-25 20:16:30,Duplicate,949.26,Lost
CB-45c579e4,TXN-b01482a5,2025-05-04 15:51:50,Product Not Received,990.17,Lost
CB-ec9eb95e,TXN-fab6b0e1,2025-08-12 00:17:47,Fraud,1137.51,Pending
CB-57e96d46,TXN-60cf7c0f,2025-06-13 15:22:18,Fraud,1543.39,Won
CB-f3501557,TXN-8a76de6f,2025-09-15 14:49:34,Product Not Received,573.21,Pending
CB-b3198d4d,TXN-e9dcf231,2025-10-24 13:34:56,Duplicate,1756.88,Lost
CB-fe6f246d,TXN-dd4e4d15,2025-03-11 05:48:02,Duplicate,937.38,Won
CB-cdf82f12,TXN-5d52be83,2025-10-22 11:59:04,Product Not Received,616.45,Lost
CB-aa511d10,TXN-6fc92316,2025-01-19 08:34:28,Fraud,1775.78,Pending
CB-731e3751,TXN-8fe3ade3,2025-10-06 08:27:21,Duplicate,67.17,Lost
CB-fee4982a,TXN-05992cbd,2025-12-14 00:42:35,Duplicate,1325.27,Lost
CB-a5e1d55c,TXN-8572e475,2025-06-29 16:53:24,Duplicate,1809.56,Lost
CB-b8b03bc5,TXN-131ca9c1,2025-05-19 18:36:16,Duplicate,563.19,Won
CB-07a61ab7,TXN-cb1a914c,2025-07-08 04:15:44,Product Not Received,349.6,Won
CB-0d46c936,TXN-9bf511b8,2026-01-10 20:56:26,Product Not Received,1316.57,Pending
CB-c3829320,TXN-f6ed9eec,2025-08-10 06:58:16,Product Not Received,1889.57,Lost
CB-939b7f1d,TXN-1fb81105,2025-08-22 16:07:20,Product Not Received,235.92,Won
CB-9381b93c,TXN-002bd435,2025-07-15 08:35:18,Duplicate,129.98,Pending
CB-a4ddda86,TXN-b4e77825,2025-02-04 17:53:55,Duplicate,844.48,Won
CB-ebe635d2,TXN-b2f3a0f4,2025-02-17 08:23:17,Fraud,522.54,Pending
CB-9629417d,TXN-cf475120,2026-01-12 16:14:02,Duplicate,953.73,Pending
CB-931fa73e,TXN-4635761f,2025-09-26 09:12:12,Product Not Received,646.63,Won
CB-19fe45cf,TXN-ef7ba4db,2025-12-28 00:49:10,Product Not Received,790.0,Lost
CB-35744ecb,TXN-fd7980ac,2025-08-14 18:20:59,Product Not Received,927.19,Lost
CB-e573f361,TXN-55cc2c5f,2025-04-04 07:07:32,Duplicate,65.9,Lost
CB-a2956197,TXN-5bb94a75,2025-09-08 18:00:27,Product Not Received,755.62,Pending
CB-77a0ada3,TXN-50f34894,2025-06-30 02:31:35,Duplicate,1623.58,Pending
CB-ed84ba9a,TXN-4e782b71,2025-09-09 12:33:57,Fraud,1652.29,Won
CB-b57e914e,TXN-f4192d54,2025-02-28 00:21:11,Product Not Received,1711.11,Pending
CB-316421e4,TXN-f454d505,2025-02-28 02:57:41,Duplicate,1867.63,Pending
CB-3d7191ae,TXN-044549e5,2025-05-10 19:03:22,Product Not Received,1596.09,Won
CB-6c396945,TXN-f91071a3,2025-06-07 04:02:08,Product Not Received,955.71,Won
CB-5706b192,TXN-fefae2d1,2025-03-23 11:24:22,Duplicate,779.54,Pending
CB-0543ba98,TXN-9b87309e,2025-09-01 04:46:56,Product Not Received,1505.58,Won
CB-b88e96b5,TXN-0afa03a6,2025-06-19 07:30:21,Fraud,1401.49,Lost
CB-dea22387,TXN-a3f520a9,2025-01-27 06:08:15,Fraud,1527.88,Pending
CB-b698e4f6,TXN-bb948e7b,2025-07-21 05:11:38,Duplicate,1179.87,Won
CB-9a3ead50,TXN-31d57a2c,2025-02-10 11:18:35,Product Not Received,85.76,Won
CB-b2299a0a,TXN-81abb491,2025-08-15 19:36:55,Duplicate,1805.25,Lost
CB-e250b55a,TXN-8c0842b3,2025-11-20 21:09:38,Duplicate,1238.79,Pending
CB-0200dbb9,TXN-dbe427e9,2025-04-09 01:15:19,Product Not Received,1269.11,Won
CB-277c745e,TXN-6b06750e,2025-05-30 23:02:25,Fraud,1668.83,Won
CB-6875c233,TXN-8e1c0b09,2025-09-28 21:40:01,Duplicate,448.52,Lost
CB-a08bad47,TXN-d63f21df,2025-12-12 18:15:03,Duplicate,919.92,Pending
CB-54acda9e,TXN-28deb969,2025-01-20 10:55:02,Duplicate,1233.92,Lost
CB-302c9781,TXN-e8a86f69,2025-02-23 01:37:53,Product Not Received,868.97,Pending
CB-820dc151,TXN-8cceced8,2025-05-24 08:49:33,Fraud,1858.63,Won
CB-51990dfc,TXN-a062e5b2,2025-04-21 21:13:50,Duplicate,632.61,Won
CB-fcc3823f,TXN-71f1a381,2025-12-02 13:04:01,Duplicate,88.47,Pending
CB-9b572109,TXN-7c3de296,2025-06-06 05:57:37,Duplicate,328.14,Pending
CB-a7dcf2c7,TXN-110e5e53,2025-09-02 21:37:00,Product Not Received,702.12,Pending
CB-41f05c74,TXN-91e07cc5,2025-12-19 09:08:36,Duplicate,674.34,Lost
CB-f5d6d37b,TXN-8db1baf3,2025-10-23 02:27:07,Fraud,1215.87,Won
CB-527738b5,TXN-6a167a54,2025-09-24 00:44:04,Duplicate,804.17,Won
CB-f1646819,TXN-b37f4453,2025-07-20 15:35:46,Duplicate,610.72,Lost
CB-c1178d49,TXN-86b006fd,2025-07-15 16:17:13,Product Not Received,96.16,Lost
CB-c64cef0d,TXN-218df50a,2025-04-05 21:20:48,Product Not Received,1830.77,Lost
CB-d7941aaa,TXN-3d104fb3,2025-05-20 12:27:30,Fraud,1978.03,Won
CB-88e3059e,TXN-93bc190d,2026-01-28 00:07:33,Duplicate,1114.74,Pending
CB-6531e18b,TXN-8654d5ba,2025-10-11 13:13:59,Product Not Received,524.05,Pending
CB-03350ecf,TXN-b5a56c33,2025-04-20 12:22:35,Product Not Received,1654.54,Lost
CB-53968e3e,TXN-deffc963,2025-03-19 18:28:02,Product Not Received,387.45,Won
CB-29b97bd8,TXN-224b5643,2026-01-06 13:16:06,Duplicate,1297.59,Lost
CB-cdd9f83a,TXN-acdce38e,2025-04-05 10:25:09,Duplicate,973.06,Lost
CB-58eaa112,TXN-b61a1375,2025-05-10 21:24:33,Fraud,1416.82,Won
CB-d182776a,TXN-53d02c91,2025-06-23 22:50:56,Fraud,1936.14,Won
CB-a6c47114,TXN-8392cf2e,2025-12-03 00:08:14,Product Not Received,1663.94,Won
CB-57480142,TXN-2a4235b5,2025-06-23 23:06:07,Duplicate,405.05,Lost
CB-86773c0b,TXN-dbac588f,2026-01-16 12:04:09,Fraud,484.41,Pending
CB-bc6bee15,TXN-732d8b8b,2025-05-01 06:31:49,Product Not Received,1890.01,Won
CB-d6d12ecf,TXN-fcab0f1d,2025-10-27 03:21:39,Fraud,1316.58,Won
CB-ef113022,TXN-6895bef0,2025-04-13 06:37:28,Fraud,1091.59,Won
CB-f5009b5c,TXN-539aa88b,2025-10-01 12:49:47,Product Not Received,1471.63,Won
CB-d012fe17,TXN-6409dc00,2025-05-05 13:35:03,Duplicate,943.52,Lost
CB-6863c30c,TXN-423ce125,2025-08-02 12:29:50,Fraud,1312.48,Lost
CB-ff0c5bc0,TXN-e52e0ae0,2025-03-09 07:37:23,Duplicate,701.96,Lost
CB-9202c518,TXN-ac4152fd,2025-07-08 11:46:24,Fraud,1585.11,Won
CB-960cf7e8,TXN-dedb9e50,2025-08-21 13:49:05,Duplicate,30.03,Lost
CB-62430f49,TXN-07e6c825,2025-11-25 02:33:58,Duplicate,846.61,Won
CB-a6648ccf,TXN-0977c22c,2026-01-16 16:16:36,Fraud,597.02,Pending
CB-a1ecc19e,TXN-fd77eb31,2025-02-14 12:41:16,Fraud,312.63,Won
CB-954e422e,TXN-5a139463,2025-06-21 17:05:14,Product Not Received,424.35,Won
CB-67388296,TXN-94c3d030,2025-05-16 18:00:07,Duplicate,427.17,Pending
CB-84ba191c,TXN-3fea1e6b,2025-08-28 11:11:54,Duplicate,1849.98,Lost
CB-8d450c1f,TXN-3d6fa3a9,2025-05-01 23:17:23,Duplicate,1063.08,Lost
CB-bd93c61a,TXN-bfa98c32,2025-06-25 22:43:21,Product Not Received,1262.22,Lost
CB-408d13e2,TXN-1033b339,2025-09-12 19:10:16,Duplicate,667.98,Pending
CB-9f3f73ae,TXN-5898b2ba,2025-03-08 14:40:02,Fraud,474.39,Pending
CB-743a79fa,TXN-f57ef3c1,2025-08-19 04:50:46,Fraud,1890.41,Pending
CB-c6d185fa,TXN-602dd9e9,2025-01-31 21:34:34,Duplicate,1333.38,Won
CB-5b5b68e6,TXN-ece670a1,2025-10-29 04:56:08,Fraud,1991.17,Won
CB-3a518a5d,TXN-ef4a18d0,2025-11-28 15:15:39,Fraud,1629.68,Lost
CB-c0532350,TXN-964af97e,2025-10-18 07:59:43,Duplicate,727.29,Lost
CB-ea5aeff8,TXN-9da59411,2025-07-28 01:27:26,Fraud,1939.73,Lost
CB-ea1b382d,TXN-ec6e527f,2025-11-21 14:40:28,Duplicate,1399.82,Lost
CB-abf01449,TXN-af425f3b,2025-07-30 05:59:00,Fraud,1056.55,Won
CB-5b2230e2,TXN-d29da354,2026-01-03 09:19:07,Duplicate,80.25,Pending
CB-3a7733d2,TXN-d30e5b85,2025-02-22 19:43:41,Duplicate,569.16,Pending
CB-e351836e,TXN-01e97aa9,2025-02-27 18:43:54,Duplicate,1007.88,Won
CB-9a8de7fa,TXN-d3fba8a2,2025-02-08 02:41:54,Product Not Received,462.07,Pending
CB-decab2f5,TXN-57698a05,2025-04-12 00:28:32,Product Not Received,1627.45,Won
CB-1d390a41,TXN-61012543,2025-03-10 02:17:02,Duplicate,959.7,Lost
CB-3bbf06c9,TXN-a899f928,2025-06-21 05:41:50,Duplicate,1285.07,Lost
CB-4061498b,TXN-2d3003a2,2025-07-31 01:21:19,Duplicate,646.05,Pending
CB-26460dfa,TXN-7baea26b,2025-12-26 23:17:18,Duplicate,1490.03,Lost
CB-45eb0afa,TXN-e12540ad,2025-12-27 03:52:09,Duplicate,1691.38,Won
CB-02f5c50d,TXN-a5ad884f,2025-08-03 08:50:43,Product Not Received,1102.31,Pending
CB-bf654a42,TXN-97f47c07,2025-05-29 19:53:12,Duplicate,803.81,Lost
CB-c4978263,TXN-b3e4487a,2025-09-01 05:53:16,Product Not Received,750.5,Won
CB-ecd8646c,TXN-a55e5f95,2025-08-21 19:58:51,Duplicate,1902.95,Won
CB-3bcef6f0,TXN-416e2edb,2026-01-06 09:31:32,Product Not Received,956.43,Won
CB-b75b313f,TXN-bdb9f36b,2025-03-08 10:13:12,Fraud,1244.23,Pending
CB-d936ebc1,TXN-0968627e,2025-09-29 23:30:00,Product Not Received,812.48,Won
CB-886990f4,TXN-ee0a1588,2025-05-11 10:21:32,Duplicate,109.75,Won
CB-bbf14116,TXN-16e11041,2025-12-09 07:10:45,Product Not Received,732.6,Won
CB-92d5f8df,TXN-f4f302f1,2025-08-27 07:26:48,Duplicate,987.19,Lost
CB-13161f2c,TXN-db41c8b3,2025-10-27 02:16:19,Product Not Received,1604.33,Lost
CB-d7ab432a,TXN-fb74f2f8,2025-03-28 01:55:55,Duplicate,1738.62,Pending
CB-ad653f26,TXN-d93148e8,2025-10-25 23:50:05,Product Not Received,1294.5,Lost
CB-e7b61210,TXN-d9c5b9b9,2025-11-28 13:27:47,Fraud,1757.62,Lost
CB-4e948dc6,TXN-fabfff90,2025-12-09 10:17:00,Duplicate,1501.41,Pending
CB-2eeca023,TXN-412c217b,2025-11-07 20:17:54,Duplicate,1161.79,Lost
CB-bfdf4277,TXN-c9c3351b,2025-04-04 21:18:23,Duplicate,1144.08,Pending
CB-336f4f5f,TXN-8c39ca26,2025-02-28 04:09:11,Duplicate,1679.33,Won
CB-e86e0064,TXN-296246fe,2025-12-13 23:17:49,Duplicate,1687.74,Won
CB-91952015,TXN-1a831978,2026-02-09 08:02:14,Duplicate,1591.96,Lost
CB-6921b6ad,TXN-fb7b5268,2025-05-29 06:20:04,Fraud,837.32,Lost
CB-a250fcbc,TXN-12bc4289,2025-05-03 05:25:34,Fraud,608.24,Lost
CB-c51be4e4,TXN-3565f77d,2025-02-24 20:41:50,Duplicate,187.83,Lost
CB-f44de4a1,TXN-a7605a13,2025-03-13 01:01:09,Product Not Received,358.31,Won
CB-830a2ccd,TXN-525d3fd4,2025-04-14 20:10:43,Product Not Received,720.69,Lost
CB-2c2a1a8d,TXN-4b1a2fc8,2025-09-26 21:12:11,Fraud,768.49,Pending
CB-1b2dce0f,TXN-7b3cc343,2025-07-31 10:02:28,Duplicate,300.04,Won
CB-f682eef1,TXN-0ec99263,2025-03-01 20:13:06,Duplicate,1360.39,Lost
CB-8fb493ae,TXN-9d4a2a21,2025-08-16 08:02:15,Product Not Received,1685.46,Pending
CB-04ff2327,TXN-f3f0e1ab,2025-12-15 12:38:02,Duplicate,1053.87,Pending
CB-c375f6c4,TXN-99a31abd,2025-11-27 11:50:30,Fraud,1168.38,Pending
CB-314b7272,TXN-eab42bc6,2025-05-26 03:57:02,Product Not Received,1287.98,Lost
CB-e60b9f75,TXN-a8f9f992,2025-09-17 10:30:33,Duplicate,1941.86,Lost
CB-ddc1cab5,TXN-32c9e018,2025-06-21 11:40:15,Product Not Received,1719.32,Won
CB-284465d3,TXN-bc917c94,2025-07-29 22:30:41,Product Not Received,1858.37,Lost
CB-372a0268,TXN-59295405,2025-11-16 07:54:20,Fraud,1312.38,Lost
CB-50878a27,TXN-540543c4,2025-09-27 02:07:12,Duplicate,649.82,Lost
CB-23fdd42a,TXN-21544cf5,2025-05-21 20:22:26,Fraud,686.97,Pending
CB-1bae6f34,TXN-3997690a,2025-10-22 20:54:14,Product Not Received,1365.2,Pending
CB-e2255de2,TXN-2070b33b,2025-12-12 18:38:04,Product Not Received,369.84,Pending
CB-62adb37b,TXN-a0ede724,2025-02-21 12:26:01,Duplicate,1644.07,Won
CB-9f59c75e,TXN-6a4c6d09,2025-07-07 19:09:53,Duplicate,23.23,Won
CB-20c1e2c0,TXN-0c80e02b,2025-06-29 09:17:37,Fraud,797.83,Pending
CB-035070a2,TXN-017164cf,2025-12-20 22:34:37,Product Not Received,418.55,Won
CB-3c42869c,TXN-681e8de5,2025-06-15 00:32:58,Product Not Received,1337.65,Lost
CB-f035005c,TXN-5c19a1e6,2025-10-16 15:38:10,Product Not Received,226.78,Pending
CB-b6feec6f,TXN-3537fac1,2025-06-19 17:03:07,Product Not Received,293.89,Won
CB-bd75c702,TXN-57cb8987,2025-06-14 04:39:54,Fraud,416.35,Pending
CB-bc78b7a1,TXN-9334feb6,2025-11-14 22:06:59,Fraud,317.34,Lost
CB-730c9421,TXN-824ec934,2025-04-19 04:14:03,Duplicate,1309.26,Pending
CB-962c3516,TXN-5e34ba04,2025-08-02 00:13:05,Duplicate,453.12,Won
CB-56085aac,TXN-2d465c44,2025-04-06 01:52:29,Fraud,1384.06,Pending
CB-46c3126a,TXN-ac232ed1,2025-02-10 02:15:22,Fraud,141.74,Won
CB-7122a8cd,TXN-f0551ecb,2025-06-14 08:35:40,Fraud,724.22,Won
CB-e9607c76,TXN-ed3507de,2025-03-23 03:32:56,Fraud,1892.96,Pending
CB-4f4b535c,TXN-a0f1936f,2025-04-02 14:42:03,Product Not Received,120.91,Lost
CB-cbcfed44,TXN-49a3a93b,2025-06-20 02:26:49,Duplicate,1402.44,Won
CB-2276e887,TXN-af930d93,2025-04-16 18:30:22,Duplicate,556.82,Won
CB-d9844979,TXN-4d33e3e2,2025-03-01 17:29:02,Duplicate,1423.98,Won
CB-289e8154,TXN-3d27236f,2025-07-18 02:27:30,Product Not Received,1345.35,Pending
CB-e9b5fa1a,TXN-c4501133,2025-12-28 16:08:29,Duplicate,377.38,Pending
CB-e6d56312,TXN-fb7d4418,2025-03-13 01:55:56,Duplicate,314.8,Won
CB-11aee62a,TXN-e8e6016a,2025-06-14 19:40:24,Duplicate,175.05,Lost
CB-5ebec963,TXN-3f55f127,2026-02-06 06:37:43,Product Not Received,1923.47,Pending
CB-d1ae5f07,TXN-56e0da05,2025-11-26 05:48:38,Fraud,957.17,Won
CB-55353544,TXN-aad7b581,2025-11-29 17:33:02,Product Not Received,1791.23,Pending
CB-620e588a,TXN-389817da,2025-02-21 16:01:36,Duplicate,1142.75,Lost
CB-22174992,TXN-d40c42cd,2025-06-17 11:03:07,Fraud,1067.04,Pending
CB-0ad638b8,TXN-93ffb37e,2025-11-26 01:54:15,Fraud,994.93,Lost
CB-ea155922,TXN-11acab7f,2025-02-06 12:48:06,Duplicate,1962.24,Pending
CB-a27c73ec,TXN-6ddb8d85,2025-02-28 04:58:44,Duplicate,1510.3,Lost
CB-7109fb83,TXN-bb2f23ac,2025-07-27 07:31:00,Duplicate,651.15,Won
CB-1155cc52,TXN-31c85d15,2025-04-06 11:43:40,Product Not Received,1149.74,Pending
CB-10bfad23,TXN-68170a9c,2025-03-11 07:37:12,Product Not Received,770.35,Pending
CB-8e7d1fa0,TXN-e2159cd3,2025-06-04 16:41:41,Product Not Received,1382.67,Lost
CB-fdedbd0d,TXN-ab67e82a,2025-03-04 07:29:06,Product Not Received,221.89,Lost
CB-fc2c1713,TXN-a30f5fb5,2025-05-09 21:33:14,Fraud,1812.6,Won
CB-0a5482c1,TXN-1e441a85,2025-04-05 06:14:42,Duplicate,1048.64,Won
CB-e0afe40e,TXN-5dfbd0ff,2025-12-17 06:44:08,Product Not Received,119.35,Lost
CB-5fa685b4,TXN-4d430a4a,2025-10-28 23:11:58,Fraud,1104.79,Lost
CB-03ce3fa3,TXN-eecbe944,2025-11-14 15:14:58,Fraud,1670.75,Won
CB-8a2797df,TXN-460a83d1,2025-05-03 21:39:13,Product Not Received,974.95,Won
CB-17ef1674,TXN-29cc5781,2026-01-20 23:40:51,Duplicate,443.7,Pending
CB-589d3ff9,TXN-95236db2,2025-02-21 11:13:09,Product Not Received,836.03,Pending
CB-e6efb307,TXN-41930a09,2025-06-08 21:08:57,Duplicate,243.73,Pending
CB-145a1d38,TXN-0ff6665d,2025-03-29 07:49:51,Product Not Received,1016.27,Won
CB-adaaf0f8,TXN-826a53b8,2025-07-17 04:28:55,Fraud,1916.46,Pending
CB-1353fccc,TXN-11963c04,2025-05-08 19:16:20,Fraud,415.0,Lost
CB-948ff443,TXN-db3fb749,2025-10-25 11:39:15,Product Not Received,759.12,Won
CB-76d0ca29,TXN-993d2720,2025-02-14 07:08:14,Product Not Received,143.03,Pending
CB-8d3309f9,TXN-72d4d0d7,2025-04-14 01:07:22,Product Not Received,1759.6,Won
CB-edcc4cf1,TXN-1ab8b0d5,2026-01-28 19:52:53,Product Not Received,1175.21,Lost
CB-4b3e3e2b,TXN-ff56b747,2025-11-27 15:49:23,Duplicate,1363.52,Lost
CB-61ab0df4,TXN-e1ed640e,2025-10-18 01:28:39,Fraud,276.56,Pending
CB-6277da65,TXN-ba24381e,2025-10-04 11:55:02,Product Not Received,1779.3,Pending
CB-82419e68,TXN-b74e4d18,2025-05-02 12:28:00,Product Not Received,181.49,Won
CB-e380300e,TXN-01d1dcc5,2025-06-18 05:43:21,Duplicate,402.85,Won
CB-e8a26cac,TXN-b5818b49,2025-04-04 01:56:50,Duplicate,919.78,Pending
CB-f2f27a8a,TXN-21371ea6,2025-07-18 16:28:14,Duplicate,1901.86,Pending
CB-3544d64f,TXN-394880eb,2025-06-30 10:53:41,Product Not Received,1111.18,Lost
CB-0fb305cd,TXN-e096a33c,2025-06-07 11:26:55,Fraud,1691.33,Won
CB-eb44ae5c,TXN-7f7b3260,2025-11-17 15:59:53,Fraud,236.21,Lost
CB-88af3f61,TXN-ac2983f5,2025-10-13 21:36:01,Duplicate,625.45,Won
CB-7b934797,TXN-521b8dfa,2025-06-30 08:06:14,Fraud,628.29,Won
CB-83615a7c,TXN-5a53d5be,2025-06-21 18:55:55,Product Not Received,1423.98,Won
CB-b5f08637,TXN-5d9dcdb1,2025-03-26 08:53:05,Fraud,814.12,Won
CB-c1c5fe0f,TXN-05706ecb,2025-03-19 05:51:28,Duplicate,1190.78,Pending
CB-c5be242d,TXN-6bdcd975,2025-02-19 08:40:21,Fraud,770.16,Lost
CB-ba4ca2cb,TXN-88552d59,2025-04-04 17:37:31,Duplicate,903.35,Pending
CB-a19cb6ce,TXN-4ec41ac4,2025-03-09 06:40:42,Product Not Received,246.14,Pending
CB-5b4a14f2,TXN-161a8049,2025-04-17 19:09:29,Product Not Received,726.46,Lost
CB-242acea1,TXN-d97ee551,2025-07-24 14:30:46,Duplicate,204.72,Lost
CB-4ef4841a,TXN-c8012c76,2025-03-02 04:04:52,Fraud,1736.52,Pending
CB-5f25090b,TXN-a522fbff,2025-07-22 23:03:42,Fraud,1423.74,Lost
CB-89cd164d,TXN-ec35e1ed,2025-12-08 13:02:36,Duplicate,791.71,Won
CB-9e97e547,TXN-b01c3650,2025-10-05 21:18:50,Duplicate,623.74,Won
CB-ca3cca7c,TXN-deb4a40e,2025-07-03 06:19:39,Duplicate,709.29,Pending
CB-1a19de12,TXN-5f79b12c,2025-12-20 06:22:22,Duplicate,1523.79,Pending
CB-c0f0e807,TXN-2541b8c8,2025-10-07 21:41:49,Duplicate,1853.14,Lost
CB-aa6cbbbb,TXN-a61b594b,2025-02-22 08:09:37,Duplicate,1864.31,Pending
CB-079e7055,TXN-fb9b1d69,2025-04-27 16:03:44,Duplicate,410.7,Won
CB-611d37d6,TXN-2cca06fe,2025-05-24 11:42:26,Fraud,15.35,Lost
CB-ae231421,TXN-8e1ad1c9,2025-11-12 06:27:06,Fraud,710.1,Lost
CB-35060a44,TXN-a386247c,2025-06-30 04:19:52,Duplicate,635.12,Lost
CB-755e4d94,TXN-0cc77175,2025-07-09 07:51:12,Fraud,1602.78,Lost
CB-bf2d153f,TXN-c79ff0b5,2025-06-11 12:29:34,Fraud,873.94,Pending
CB-07d04508,TXN-48c31365,2025-07-15 23:02:21,Product Not Received,293.11,Pending
CB-e18d3028,TXN-237fd5e7,2025-05-26 19:23:16,Duplicate,695.18,Won
CB-c6af4689,TXN-5154fb67,2025-08-28 02:45:43,Duplicate,1077.89,Lost
CB-ce2c535b,TXN-0e08a8ee,2025-12-25 17:08:33,Duplicate,1381.53,Lost
CB-8df43f18,TXN-e7ce4796,2025-05-12 13:40:44,Fraud,1608.54,Lost
CB-db0c5c86,TXN-afe7d5ef,2025-06-01 07:19:17,Duplicate,971.38,Won
CB-de2bf1a3,TXN-24838fe7,2025-01-18 07:43:05,Product Not Received,772.1,Pending
CB-1832ac32,TXN-77d7abd8,2025-03-05 02:53:42,Product Not Received,1732.65,Lost
CB-8d5b5976,TXN-7f57dbcd,2025-06-02 18:29:32,Product Not Received,1077.51,Pending
CB-e0df71e4,TXN-0c4fcdbd,2025-02-18 15:46:40,Duplicate,1467.2,Pending
CB-ae03e1d4,TXN-7b24b16d,2025-02-10 12:28:55,Duplicate,759.92,Lost
CB-587f585f,TXN-d7756a60,2025-06-20 05:21:38,Fraud,177.88,Pending
CB-dd0b07cd,TXN-2711e41f,2025-04-14 03:26:41,Product Not Received,1092.26,Won
CB-ddba1560,TXN-237d3d3c,2025-10-13 11:27:37,Duplicate,1881.25,Lost
CB-74e6ee5f,TXN-5e11b3c2,2025-06-09 23:19:41,Fraud,165.47,Pending
CB-7cde0c70,TXN-3330fcae,2025-12-14 00:02:49,Product Not Received,961.57,Won
CB-cf265547,TXN-9b7bc84f,2025-12-05 22:50:15,Fraud,1658.34,Pending
CB-9c21602b,TXN-0dd78a9a,2025-04-15 02:43:44,Fraud,1554.21,Lost
CB-b2c293be,TXN-23d719b2,2026-01-04 22:58:34,Duplicate,116.13,Won
CB-f2f08974,TXN-b708ad49,2025-12-08 13:58:03,Duplicate,514.87,Lost
CB-e934d38a,TXN-18fe9490,2025-03-28 15:35:23,Fraud,86.19,Lost
CB-7d3c4798,TXN-fc94b9b0,2025-07-06 14:39:20,Fraud,1263.67,Pending
CB-f26e6748,TXN-bce84b15,2025-12-20 13:16:15,Product Not Received,1902.68,Won
CB-c397652e,TXN-a6ea20f1,2025-12-06 16:43:59,Fraud,337.86,Pending
