merchant_id,merchant_name,mcc_code,mcc_description,business_type,risk_tier,onboarding_date,primary_location_id
MERCH-86f2bb98,Business_0,5999,Category_Desc,Micro,Medium,2025-02-24,LOC-5c2409f4
MERCH-40907585,Business_1,4121,Category_Desc,Micro,Low,2025-04-11,LOC-8876cdff
MERCH-2afe2579,Business_2,5999,Category_Desc,Micro,Low,2025-01-13,LOC-de45b305
MERCH-5d59bd31,Business_3,5999,Category_Desc,SMB,Medium,2025-01-05,LOC-cd026bb9
MERCH-16a1314a,Business_4,5812,Category_Desc,Micro,Low,2025-04-08,LOC-5d44e8e7
MERCH-1d629600,Business_5,5999,Category_Desc,Micro,High,2025-02-11,LOC-1927a225
MERCH-d0d45fe9,Business_6,5999,Category_Desc,Micro,Low,2025-02-15,LOC-18b44b3c
MERCH-8dddffd8,Business_7,5812,Category_Desc,Micro,Low,2025-01-24,LOC-e7dfab11
MERCH-7720878a,Business_8,4121,Category_Desc,Micro,Low,2025-03-15,LOC-f80ae817
MERCH-5d71c5a4,Business_9,5411,Category_Desc,SMB,Low,2025-03-18,LOC-4eb95855
MERCH-914bb8e5,Business_10,5411,Category_Desc,Micro,Low,2025-01-10,LOC-17f4a5ee
MERCH-bbcd5581,Business_11,5812,Category_Desc,Micro,Low,2025-03-02,LOC-68d218b1
MERCH-c7719eb6,Business_12,5812,Category_Desc,SMB,Low,2025-03-02,LOC-d9a8287a
MERCH-fd87b43e,Business_13,4121,Category_Desc,SMB,Low,2025-01-31,LOC-08a0c0f8
MERCH-ec5f5400,Business_14,4121,Category_Desc,SMB,Low,2025-03-10,LOC-ff37f3a9
MERCH-e2e062ed,Business_15,5411,Category_Desc,Micro,Low,2025-01-26,LOC-bc13d22b
MERCH-87a3e32b,Business_16,4511,Category_Desc,Micro,Medium,2025-01-01,LOC-9c1c13ed
MERCH-90a247e0,Business_17,4121,Category_Desc,Micro,Low,2025-03-25,LOC-a72fbc67
MERCH-c0fea9f7,Business_18,4121,Category_Desc,Micro,Medium,2025-02-17,LOC-eb4ed6c9
MERCH-4b49c8a9,Business_19,4121,Category_Desc,Micro,Low,2025-03-12,LOC-297d19d3
MERCH-0b3bd120,Business_20,5999,Category_Desc,Micro,Low,2025-04-10,LOC-d1c2d27e
MERCH-27088967,Business_21,5999,Category_Desc,Micro,Low,2025-04-10,LOC-78c17c99
MERCH-df94b021,Business_22,4121,Category_Desc,Micro,Low,2025-03-27,LOC-2593a777
MERCH-5ac0d386,Business_23,5812,Category_Desc,SMB,Low,2025-03-02,LOC-09b9aab1
MERCH-070d9114,Business_24,5812,Category_Desc,Micro,Low,2025-02-10,LOC-72ff54c7
MERCH-0096d625,Business_25,5999,Category_Desc,Micro,Medium,2025-02-24,LOC-a8b7e3ec
MERCH-b86ed68a,Business_26,4511,Category_Desc,Micro,High,2025-03-01,LOC-339a62a9
MERCH-7fbfa9c1,Business_27,4511,Category_Desc,Enterprise,Low,2025-04-05,LOC-2db70dfb
MERCH-adcebd10,Business_28,4121,Category_Desc,SMB,High,2025-04-09,LOC-9616bff7
MERCH-8de6720e,Business_29,5999,Category_Desc,Micro,Low,2025-02-25,LOC-2f2334ae
MERCH-f0e330de,Business_30,4511,Category_Desc,Micro,Low,2025-04-06,LOC-16a734c5
MERCH-a748de52,Business_31,5999,Category_Desc,Enterprise,Low,2025-02-23,LOC-0d5638e3
MERCH-c6591100,Business_32,4511,Category_Desc,Micro,Low,2025-03-31,LOC-5fe1e974
MERCH-938374fa,Business_33,4511,Category_Desc,Micro,High,2025-04-10,LOC-1090c3ac
MERCH-068a3d48,Business_34,5411,Category_Desc,Micro,Low,2025-03-20,LOC-9fc8d221
MERCH-d0ed7cb6,Business_35,4511,Category_Desc,SMB,Low,2025-03-01,LOC-f96db5b3
MERCH-f3918214,Business_36,4511,Category_Desc,Enterprise,Low,2025-01-11,LOC-64f62878
MERCH-ef2b2dd3,Business_37,4121,Category_Desc,SMB,Low,2025-02-26,LOC-ea473a6e
MERCH-129443bb,Business_38,4121,Category_Desc,Micro,Low,2025-02-09,LOC-67bc485a
MERCH-bfba05b7,Business_39,4511,Category_Desc,Enterprise,Low,2025-02-03,LOC-48e82ab6
MERCH-cdbed7c0,Business_40,5812,Category_Desc,SMB,Medium,2025-03-23,LOC-580815ca
MERCH-91c6a0d3,Business_41,4121,Category_Desc,Micro,Low,2025-02-12,LOC-03e95006
MERCH-7342bf52,Business_42,4511,Category_Desc,Micro,Low,2025-02-24,LOC-f4e97711
MERCH-1315f48f,Business_43,5411,Category_Desc,SMB,Medium,2025-02-15,LOC-5aca2f8d
MERCH-aaec8633,Business_44,5411,Category_Desc,SMB,Low,2025-04-10,LOC-8d5c297e
MERCH-65d43102,Business_45,4511,Category_Desc,Enterprise,Low,2025-02-21,LOC-1e091ef5
MERCH-ae96d05e,Business_46,4121,Category_Desc,SMB,Low,2025-03-03,LOC-cbdcfce7
MERCH-b0a89f95,Business_47,5812,Category_Desc,Micro,Medium,2025-02-08,LOC-6bb7cb54
MERCH-19bfdac1,Business_48,5812,Category_Desc,Micro,Medium,2025-01-05,LOC-58abb29d
MERCH-1bc37ce2,Business_49,5411,Category_Desc,Micro,Low,2025-03-23,LOC-83049761
MERCH-6383d29c,Business_50,5999,Category_Desc,Enterprise,Low,2025-01-29,LOC-c14d8ec0
MERCH-86ae4e3e,Business_51,4511,Category_Desc,SMB,High,2025-03-04,LOC-eab93e8d
MERCH-0f026631,Business_52,5999,Category_Desc,Micro,Low,2025-02-04,LOC-cb6e02cc
MERCH-8eef99fb,Business_53,5812,Category_Desc,SMB,Low,2025-02-19,LOC-6117bc8c
MERCH-f1d7760f,Business_54,4121,Category_Desc,Micro,Low,2025-03-31,LOC-fa4b51ec
MERCH-f53e8cf9,Business_55,5812,Category_Desc,Micro,Low,2025-01-02,LOC-a68b7253
MERCH-67676891,Business_56,4121,Category_Desc,SMB,Low,2025-01-12,LOC-23346fe8
MERCH-d3d010cd,Business_57,4121,Category_Desc,Micro,Low,2025-02-15,LOC-5e0c8aac
MERCH-1d6b4694,Business_58,4511,Category_Desc,Micro,Low,2025-02-03,LOC-1ac9c5b9
MERCH-52d2e940,Business_59,4511,Category_Desc,Micro,Low,2025-03-30,LOC-b131791c
MERCH-5c6cb173,Business_60,5411,Category_Desc,Micro,Low,2025-01-18,LOC-68a72809
MERCH-4281cecc,Business_61,5999,Category_Desc,Micro,Low,2025-01-14,LOC-ee926007
MERCH-140e5b4c,Business_62,4121,Category_Desc,SMB,Low,2025-04-11,LOC-f3ff77e2
MERCH-42803e57,Business_63,5411,Category_Desc,SMB,High,2025-03-19,LOC-b131791c
MERCH-d2885ad7,Business_64,5411,Category_Desc,SMB,Low,2025-01-26,LOC-37a76e13
MERCH-1ac0fd3f,Business_65,5999,Category_Desc,Micro,Low,2025-03-14,LOC-c14cbae3
MERCH-1764e8ae,Business_66,5999,Category_Desc,SMB,Low,2025-03-20,LOC-fa4b51ec
MERCH-a30fcebb,Business_67,4121,Category_Desc,SMB,Low,2025-03-07,LOC-2d4a4fa0
MERCH-8e52af44,Business_68,5812,Category_Desc,Enterprise,Low,2025-03-27,LOC-a9a1605c
MERCH-4f9c7e85,Business_69,4511,Category_Desc,Micro,Low,2025-01-17,LOC-ac08b136
MERCH-cf4f4408,Business_70,5812,Category_Desc,Micro,Low,2025-03-05,LOC-f190bfd2
MERCH-f7802c1d,Business_71,5411,Category_Desc,Micro,Low,2025-01-14,LOC-88d83608
MERCH-e696feae,Business_72,4121,Category_Desc,Micro,Low,2025-03-14,LOC-42f077ce
MERCH-3b2ded8a,Business_73,5411,Category_Desc,Micro,Low,2025-01-04,LOC-6134232d
MERCH-b51c763a,Business_74,5812,Category_Desc,Micro,Medium,2025-01-20,LOC-818fa7d9
MERCH-a1a62809,Business_75,4511,Category_Desc,Micro,Low,2025-01-01,LOC-cf8d5737
MERCH-03f77eb2,Business_76,5812,Category_Desc,Enterprise,Low,2025-02-12,LOC-dd642930
MERCH-24be3498,Business_77,5999,Category_Desc,Micro,Low,2025-01-10,LOC-e0710143
MERCH-7e190066,Business_78,5411,Category_Desc,Micro,High,2025-03-10,LOC-7be4132c
MERCH-c537c37c,Business_79,5999,Category_Desc,Micro,Low,2025-01-07,LOC-016dd350
MERCH-3bc55945,Business_80,4511,Category_Desc,SMB,Low,2025-02-09,LOC-b0354380
MERCH-6ee3f59d,Business_81,4511,Category_Desc,Micro,Medium,2025-01-23,LOC-bdf31f93
MERCH-cea9306e,Business_82,4121,Category_Desc,Micro,Medium,2025-04-01,LOC-001b69a3
MERCH-3cb97638,Business_83,5999,Category_Desc,Micro,Low,2025-03-31,LOC-6b3ea359
MERCH-d40612e9,Business_84,5812,Category_Desc,Micro,Low,2025-02-20,LOC-82701f00
MERCH-f0b4cfb7,Business_85,4121,Category_Desc,Enterprise,Low,2025-01-26,LOC-957045a7
MERCH-dd93a3fd,Business_86,4511,Category_Desc,Micro,Low,2025-03-22,LOC-88dfd0ae
MERCH-b0e7ae3b,Business_87,5999,Category_Desc,SMB,Low,2025-04-06,LOC-87bf162e
MERCH-d3d5004e,Business_88,4511,Category_Desc,SMB,Low,2025-02-07,LOC-102464ea
MERCH-d8c176bf,Business_89,4121,Category_Desc,Micro,Medium,2025-03-27,LOC-65756e19
MERCH-a2186782,Business_90,4121,Category_Desc,SMB,Low,2025-01-28,LOC-4402edea
MERCH-d94346fe,Business_91,5999,Category_Desc,SMB,Low,2025-03-14,LOC-a439f550
MERCH-38201936,Business_92,4511,Category_Desc,SMB,Low,2025-01-10,LOC-d6bf7729
MERCH-1b479e4e,Business_93,4511,Category_Desc,SMB,Low,2025-04-07,LOC-748d120f
MERCH-60308e99,Business_94,5411,Category_Desc,SMB,Low,2025-01-02,LOC-55c80bd5
MERCH-bbba7ea7,Business_95,5411,Category_Desc,Micro,Low,2025-03-14,LOC-73c1a505
MERCH-5c76962a,Business_96,4121,Category_Desc,SMB,Low,2025-03-15,LOC-818fa7d9
MERCH-a71700ef,Business_97,5812,Category_Desc,Micro,Low,2025-03-26,LOC-b1b93835
MERCH-742f53bd,Business_98,4121,Category_Desc,Micro,Low,2025-01-17,LOC-f3ff77e2
MERCH-8662969a,Business_99,4511,Category_Desc,Micro,Low,2025-01-26,LOC-65ba11ef
MERCH-1f27cf4b,Business_100,5411,Category_Desc,SMB,Low,2025-03-03,LOC-f7fbd233
MERCH-1fb82134,Business_101,5812,Category_Desc,Micro,Low,2025-02-18,LOC-7fcbac1a
MERCH-bc1c7385,Business_102,5999,Category_Desc,Micro,Low,2025-03-27,LOC-2526fd3f
MERCH-46f0f3a1,Business_103,4511,Category_Desc,SMB,Medium,2025-01-16,LOC-4e327c11
MERCH-91b8ac9c,Business_104,5999,Category_Desc,SMB,Low,2025-02-10,LOC-c47da7bc
MERCH-ecf2bdad,Business_105,4511,Category_Desc,SMB,High,2025-04-05,LOC-c14d8ec0
MERCH-5eca71d8,Business_106,4511,Category_Desc,SMB,High,2025-01-12,LOC-1a93ff5b
MERCH-01ada7c3,Business_107,4121,Category_Desc,Micro,Medium,2025-01-04,LOC-7f3fbb38
MERCH-69611959,Business_108,5411,Category_Desc,Micro,Low,2025-01-05,LOC-25e066ea
MERCH-d00af51e,Business_109,4121,Category_Desc,Micro,High,2025-02-28,LOC-5b4eafd7
MERCH-c30b2dc3,Business_110,4511,Category_Desc,SMB,Low,2025-03-11,LOC-83049761
MERCH-55f1cbcc,Business_111,5411,Category_Desc,Micro,Low,2025-01-30,LOC-ad427cf5
MERCH-a1101a16,Business_112,5812,Category_Desc,SMB,High,2025-04-02,LOC-1b8658cc
MERCH-57db980e,Business_113,5812,Category_Desc,Micro,Low,2025-03-14,LOC-600406d3
MERCH-d1ca6a54,Business_114,5411,Category_Desc,Micro,Medium,2025-03-10,LOC-e75593ae
MERCH-58f70369,Business_115,4511,Category_Desc,Micro,Low,2025-01-09,LOC-e0860362
MERCH-f2210795,Business_116,5999,Category_Desc,Micro,Low,2025-03-07,LOC-1e76e3a8
MERCH-07f5a12c,Business_117,4121,Category_Desc,Micro,High,2025-01-05,LOC-2db70dfb
MERCH-b606e50b,Business_118,4511,Category_Desc,Enterprise,Medium,2025-03-06,LOC-55122d97
MERCH-73a581f8,Business_119,5812,Category_Desc,SMB,Low,2025-02-02,LOC-838e0c3d
MERCH-7526c949,Business_120,4121,Category_Desc,Micro,High,2025-02-10,LOC-ee8a7dca
MERCH-cbbf15e0,Business_121,5411,Category_Desc,SMB,Medium,2025-01-16,LOC-ce4a4296
MERCH-f5456734,Business_122,5999,Category_Desc,Micro,Low,2025-03-26,LOC-cdca5209
MERCH-96b6b586,Business_123,4511,Category_Desc,Micro,Medium,2025-01-19,LOC-b44b74d4
MERCH-767d2c69,Business_124,4121,Category_Desc,SMB,Low,2025-02-15,LOC-81f124e0
MERCH-6bdaf4cc,Business_125,5411,Category_Desc,Micro,Medium,2025-01-13,LOC-33a7693f
MERCH-5a589b36,Business_126,5999,Category_Desc,SMB,Low,2025-02-10,LOC-8caa170e
MERCH-adb5f6e4,Business_127,5812,Category_Desc,Micro,Low,2025-01-02,LOC-55bc30d0
MERCH-2c83162a,Business_128,5812,Category_Desc,Micro,Low,2025-04-09,LOC-9a1c4409
MERCH-eff497f4,Business_129,5812,Category_Desc,Micro,Low,2025-01-03,LOC-4bea521a
MERCH-59921e73,Business_130,5411,Category_Desc,Micro,Low,2025-02-12,LOC-f439a61c
MERCH-06b27efe,Business_131,4121,Category_Desc,Micro,Low,2025-02-02,LOC-c693799e
MERCH-f6113391,Business_132,4121,Category_Desc,Enterprise,Low,2025-02-14,LOC-05be9a5b
MERCH-f634af21,Business_133,5812,Category_Desc,SMB,Medium,2025-02-19,LOC-81c3ea2a
MERCH-9c49d213,Business_134,5411,Category_Desc,Micro,Low,2025-02-10,LOC-ea836eff
MERCH-89ba0866,Business_135,5999,Category_Desc,Micro,Low,2025-01-18,LOC-5be8f3dc
MERCH-0e056236,Business_136,4511,Category_Desc,Micro,Medium,2025-01-20,LOC-4eb95855
MERCH-5b8932c1,Business_137,5812,Category_Desc,Micro,High,2025-03-31,LOC-9dfb84de
MERCH-f552f6ab,Business_138,5812,Category_Desc,SMB,Low,2025-02-23,LOC-48e82ab6
MERCH-a03f3cfb,Business_139,5812,Category_Desc,Micro,Low,2025-02-26,LOC-402caf20
MERCH-eb0457a5,Business_140,5812,Category_Desc,Enterprise,Low,2025-01-05,LOC-55bc30d0
MERCH-a4bb7995,Business_141,5812,Category_Desc,Micro,Low,2025-03-18,LOC-997eee18
MERCH-d9180f14,Business_142,5411,Category_Desc,SMB,Medium,2025-02-16,LOC-10d6ddc3
MERCH-7f2ab753,Business_143,4511,Category_Desc,Micro,Low,2025-02-08,LOC-99aaf806
MERCH-fa5833d3,Business_144,5812,Category_Desc,Micro,Low,2025-01-06,LOC-6bb7cb54
MERCH-54d48900,Business_145,4511,Category_Desc,SMB,Low,2025-03-19,LOC-ccc67d92
MERCH-13144c7b,Business_146,4511,Category_Desc,Micro,Low,2025-02-19,LOC-a03b7877
MERCH-683c2951,Business_147,4511,Category_Desc,SMB,Low,2025-01-28,LOC-43ef30f9
MERCH-1248cf7e,Business_148,5812,Category_Desc,SMB,Low,2025-01-04,LOC-a6dd0fec
MERCH-8aca48a9,Business_149,5999,Category_Desc,Micro,Medium,2025-02-19,LOC-03e95006
MERCH-d7939044,Business_150,5411,Category_Desc,Micro,Low,2025-04-05,LOC-74e4ccd2
MERCH-cb67fc57,Business_151,5411,Category_Desc,SMB,Low,2025-04-11,LOC-e3e9220a
MERCH-43d8df81,Business_152,5812,Category_Desc,Enterprise,Low,2025-02-06,LOC-7e05b9b3
MERCH-7599d430,Business_153,4511,Category_Desc,SMB,Medium,2025-02-24,LOC-0807c040
MERCH-ab1019a5,Business_154,5812,Category_Desc,Micro,Low,2025-03-06,LOC-582a22ec
MERCH-42e8a474,Business_155,4511,Category_Desc,Micro,Low,2025-03-27,LOC-5ff48cb1
MERCH-c16f9314,Business_156,5812,Category_Desc,SMB,Low,2025-04-03,LOC-3962cd45
MERCH-43ffa0bd,Business_157,5999,Category_Desc,Enterprise,Low,2025-03-21,LOC-de4e4b89
MERCH-c4e1a973,Business_158,5812,Category_Desc,SMB,Medium,2025-03-15,LOC-cc0821ab
MERCH-71d68b72,Business_159,5411,Category_Desc,Micro,Low,2025-03-15,LOC-907d2f9f
MERCH-cee5e825,Business_160,5411,Category_Desc,Micro,Low,2025-02-04,LOC-95c4073c
MERCH-c8ba272d,Business_161,4511,Category_Desc,Micro,High,2025-01-18,LOC-3eab1e70
MERCH-73a6df0b,Business_162,5411,Category_Desc,Micro,High,2025-02-10,LOC-5c431c5c
MERCH-b710c929,Business_163,5812,Category_Desc,Micro,High,2025-02-26,LOC-918e59dd
MERCH-80162f13,Business_164,5999,Category_Desc,SMB,Low,2025-01-28,LOC-7fcd7791
MERCH-c3c5d230,Business_165,4121,Category_Desc,SMB,Medium,2025-02-14,LOC-5e0c8aac
MERCH-33338071,Business_166,4511,Category_Desc,Micro,Low,2025-04-10,LOC-b4cf1833
MERCH-81728c15,Business_167,4121,Category_Desc,SMB,Low,2025-02-18,LOC-f9e067b2
MERCH-11c07304,Business_168,5411,Category_Desc,SMB,High,2025-01-31,LOC-5a992245
MERCH-53d6611f,Business_169,4511,Category_Desc,Micro,Low,2025-02-09,LOC-6b1c08c1
MERCH-936f4457,Business_170,5999,Category_Desc,Micro,Low,2025-01-30,LOC-736f28f6
MERCH-e6f605b6,Business_171,4511,Category_Desc,Enterprise,Medium,2025-02-09,LOC-a1a354ce
MERCH-daeabe79,Business_172,5812,Category_Desc,SMB,Low,2025-03-28,LOC-c3a3c425
MERCH-f6864999,Business_173,5411,Category_Desc,SMB,Low,2025-03-13,LOC-5c2409f4
MERCH-0eccec42,Business_174,5999,Category_Desc,SMB,Low,2025-03-07,LOC-b8f74021
MERCH-1378c6d8,Business_175,4511,Category_Desc,Micro,Medium,2025-04-01,LOC-01d7fc46
MERCH-ecb55793,Business_176,4511,Category_Desc,Micro,Low,2025-03-17,LOC-eb00f7b7
MERCH-7092fe6e,Business_177,4121,Category_Desc,Enterprise,Low,2025-04-11,LOC-af15a3ad
MERCH-cc3149b8,Business_178,5411,Category_Desc,Enterprise,Low,2025-03-03,LOC-684f760a
MERCH-b04d0b22,Business_179,5411,Category_Desc,SMB,High,2025-02-08,LOC-8088a522
MERCH-2bcfb713,Business_180,4511,Category_Desc,Enterprise,Medium,2025-04-03,LOC-3c00f361
MERCH-d31b0072,Business_181,5812,Category_Desc,SMB,Low,2025-04-01,LOC-5d97b9a1
MERCH-4a64c2e5,Business_182,4121,Category_Desc,SMB,Low,2025-01-16,LOC-936e7f62
MERCH-ae90c9b7,Business_183,4511,Category_Desc,SMB,Low,2025-01-29,LOC-50d2dec1
MERCH-4a57f5d4,Business_184,5812,Category_Desc,Micro,Low,2025-04-04,LOC-ddbe305f
MERCH-6a1bc867,Business_185,5812,Category_Desc,Micro,Low,2025-02-07,LOC-d5fd7749
MERCH-c565ce98,Business_186,5812,Category_Desc,Enterprise,Low,2025-03-04,LOC-45673f85
MERCH-2e4e420f,Business_187,4511,Category_Desc,Micro,Low,2025-03-04,LOC-99630ee7
MERCH-66a22e91,Business_188,5812,Category_Desc,SMB,Low,2025-04-06,LOC-4b33de50
MERCH-6d574121,Business_189,4511,Category_Desc,Enterprise,Low,2025-02-07,LOC-c57153d6
MERCH-34f97936,Business_190,5999,Category_Desc,Micro,Low,2025-04-04,LOC-e2d6f34f
MERCH-393e4a17,Business_191,4121,Category_Desc,Micro,Low,2025-01-01,LOC-bde3423a
MERCH-a6e34636,Business_192,4511,Category_Desc,SMB,High,2025-01-28,LOC-1090c3ac
MERCH-18de2b16,Business_193,5411,Category_Desc,Micro,Low,2025-03-20,LOC-ae3f7a19
MERCH-220b09e9,Business_194,4511,Category_Desc,Micro,Medium,2025-03-19,LOC-6b64d48d
MERCH-bdd869e7,Business_195,5411,Category_Desc,Micro,Low,2025-02-21,LOC-b6bf2610
MERCH-8a05acf0,Business_196,5812,Category_Desc,Micro,Low,2025-01-25,LOC-50d2dec1
MERCH-030e4184,Business_197,4121,Category_Desc,SMB,Low,2025-04-05,LOC-224d7c2a
MERCH-a40c023d,Business_198,5812,Category_Desc,Micro,Medium,2025-03-15,LOC-62734c86
MERCH-46cc3051,Business_199,4121,Category_Desc,SMB,Medium,2025-01-24,LOC-31a61ee0
MERCH-6d214c3d,Business_200,5999,Category_Desc,Enterprise,Low,2025-03-24,LOC-7fcd7791
MERCH-4b35602b,Business_201,4121,Category_Desc,Micro,High,2025-03-17,LOC-eeaf30a4
MERCH-690c34e1,Business_202,5812,Category_Desc,Micro,Low,2025-03-14,LOC-3558bc30
MERCH-9ec9d5a3,Business_203,5812,Category_Desc,Micro,Low,2025-01-25,LOC-bbf9e72b
MERCH-8d0a5533,Business_204,5999,Category_Desc,Micro,Low,2025-02-22,LOC-cdca5209
MERCH-5deeae90,Business_205,4121,Category_Desc,SMB,Low,2025-03-16,LOC-a477267c
MERCH-ea1519d5,Business_206,5411,Category_Desc,SMB,Low,2025-03-31,LOC-f52866cf
MERCH-d48a293d,Business_207,5812,Category_Desc,SMB,High,2025-01-29,LOC-2872ae01
MERCH-a99cbbe3,Business_208,5411,Category_Desc,SMB,Medium,2025-01-21,LOC-50d2dec1
MERCH-c84c0849,Business_209,4121,Category_Desc,SMB,High,2025-02-24,LOC-102464ea
MERCH-a30d7fb5,Business_210,4121,Category_Desc,Micro,Low,2025-01-25,LOC-f190bfd2
MERCH-7b21886f,Business_211,5999,Category_Desc,SMB,High,2025-03-07,LOC-443d0f58
MERCH-351d42a8,Business_212,4121,Category_Desc,Micro,Low,2025-01-22,LOC-42f077ce
MERCH-14cc9c53,Business_213,5999,Category_Desc,Micro,Low,2025-04-01,LOC-2d359ca6
MERCH-38b88abd,Business_214,5411,Category_Desc,SMB,Low,2025-04-01,LOC-ffd7dd44
MERCH-0b23c4c0,Business_215,5411,Category_Desc,SMB,Low,2025-04-05,LOC-41caeaa4
MERCH-44986d4e,Business_216,5999,Category_Desc,Micro,High,2025-03-07,LOC-14db06b0
MERCH-ed05a29f,Business_217,4511,Category_Desc,SMB,Low,2025-01-10,LOC-808f3335
MERCH-b069b736,Business_218,5812,Category_Desc,Micro,Low,2025-02-18,LOC-a1dbe6d1
MERCH-260eb71c,Business_219,4121,Category_Desc,Micro,Low,2025-04-11,LOC-7be93755
MERCH-fb1a30d5,Business_220,5812,Category_Desc,Micro,Low,2025-01-23,LOC-c14cbae3
MERCH-44a46b37,Business_221,5999,Category_Desc,SMB,Low,2025-01-15,LOC-05ae6204
MERCH-cf6a2502,Business_222,5999,Category_Desc,Micro,High,2025-03-17,LOC-129c46cf
MERCH-aec06c1e,Business_223,5999,Category_Desc,Micro,Low,2025-03-22,LOC-84f4e2d8
MERCH-7412b5fa,Business_224,4121,Category_Desc,SMB,Low,2025-03-18,LOC-2d0eff6a
MERCH-a1a0d32f,Business_225,4121,Category_Desc,SMB,Medium,2025-03-26,LOC-f439a61c
MERCH-4bed62dc,Business_226,5411,Category_Desc,SMB,Low,2025-02-17,LOC-e2912708
MERCH-030b9cd0,Business_227,4121,Category_Desc,SMB,Low,2025-02-02,LOC-680522ca
MERCH-a780d5e6,Business_228,4511,Category_Desc,SMB,Low,2025-02-28,LOC-6cba9a9e
MERCH-f20f71ff,Business_229,5812,Category_Desc,SMB,Medium,2025-02-16,LOC-4ecfc8fd
MERCH-ca74ddf4,Business_230,5999,Category_Desc,Micro,Low,2025-03-20,LOC-a68b7253
MERCH-1bf06809,Business_231,4121,Category_Desc,Micro,Low,2025-04-05,LOC-ad427cf5
MERCH-50fc4ebb,Business_232,5812,Category_Desc,SMB,Low,2025-03-08,LOC-9e788122
MERCH-ce3321bf,Business_233,4121,Category_Desc,Enterprise,High,2025-03-30,LOC-6bf383a2
MERCH-345d0808,Business_234,4511,Category_Desc,Micro,Low,2025-01-05,LOC-23a69005
MERCH-0966eb37,Business_235,4121,Category_Desc,Micro,High,2025-02-21,LOC-7a380b9c
MERCH-97ed29f3,Business_236,5812,Category_Desc,Micro,Low,2025-02-15,LOC-49941e81
MERCH-45a2397b,Business_237,4121,Category_Desc,Micro,Low,2025-01-14,LOC-c00cf998
MERCH-d89ac521,Business_238,4121,Category_Desc,Micro,Low,2025-02-15,LOC-061ded48
MERCH-b38912f7,Business_239,4511,Category_Desc,Enterprise,Low,2025-03-07,LOC-05c2e393
MERCH-35df6823,Business_240,5812,Category_Desc,SMB,Low,2025-03-30,LOC-7dab6492
MERCH-157ea706,Business_241,5999,Category_Desc,SMB,Low,2025-01-26,LOC-81f124e0
MERCH-b4a1bf35,Business_242,4511,Category_Desc,Enterprise,Low,2025-03-22,LOC-ec16386c
MERCH-16ddc69e,Business_243,5999,Category_Desc,SMB,Low,2025-03-11,LOC-46054bb2
MERCH-29114932,Business_244,5411,Category_Desc,Micro,Low,2025-02-21,LOC-0d930599
MERCH-7b430368,Business_245,4511,Category_Desc,Micro,Low,2025-01-16,LOC-918e59dd
MERCH-fc502302,Business_246,5999,Category_Desc,SMB,Low,2025-04-10,LOC-907d2f9f
MERCH-a666c5bf,Business_247,5999,Category_Desc,Enterprise,Medium,2025-03-06,LOC-736f28f6
MERCH-64e64fc4,Business_248,5411,Category_Desc,Micro,Low,2025-02-28,LOC-f4598036
MERCH-6b002ede,Business_249,5812,Category_Desc,Micro,Low,2025-04-08,LOC-513e6961
MERCH-4f703878,Business_250,4511,Category_Desc,Enterprise,Low,2025-02-20,LOC-cb761bcd
MERCH-0ea8281c,Business_251,4121,Category_Desc,SMB,Low,2025-03-10,LOC-86fa3485
MERCH-bf2fcb1f,Business_252,4121,Category_Desc,Micro,Low,2025-01-29,LOC-08a0c0f8
MERCH-16348372,Business_253,5999,Category_Desc,SMB,Low,2025-02-15,LOC-50417cab
MERCH-53f6b87b,Business_254,4511,Category_Desc,SMB,Low,2025-02-18,LOC-1c1964e7
MERCH-c914bf69,Business_255,4511,Category_Desc,Micro,Low,2025-02-05,LOC-96dce660
MERCH-6d97a593,Business_256,5999,Category_Desc,SMB,Low,2025-03-29,LOC-d205d707
MERCH-bbda5205,Business_257,5812,Category_Desc,Micro,Low,2025-01-13,LOC-bde2f0d3
MERCH-70f10967,Business_258,5411,Category_Desc,SMB,Low,2025-02-04,LOC-72ff54c7
MERCH-27654f3d,Business_259,5411,Category_Desc,Micro,Low,2025-02-13,LOC-54456d93
MERCH-89b2d3f4,Business_260,5999,Category_Desc,SMB,Low,2025-01-28,LOC-e67b0500
MERCH-474aad30,Business_261,5411,Category_Desc,Micro,Low,2025-04-09,LOC-e2d6f34f
MERCH-8f63a951,Business_262,4511,Category_Desc,SMB,Medium,2025-03-19,LOC-10d6ddc3
MERCH-e6d3438f,Business_263,5999,Category_Desc,SMB,Medium,2025-03-21,LOC-1927a225
MERCH-f10dfd86,Business_264,4121,Category_Desc,Micro,Low,2025-03-18,LOC-a159da24
MERCH-52c33036,Business_265,4511,Category_Desc,SMB,High,2025-03-05,LOC-dc16e400
MERCH-527a330c,Business_266,5999,Category_Desc,SMB,Medium,2025-03-28,LOC-c14d8ec0
MERCH-02331b67,Business_267,5812,Category_Desc,Enterprise,Low,2025-01-28,LOC-3eab1e70
MERCH-7807f3f1,Business_268,5999,Category_Desc,SMB,Low,2025-01-21,LOC-082875ee
MERCH-c1fc7d93,Business_269,5999,Category_Desc,Micro,Medium,2025-01-25,LOC-1889705a
MERCH-841eadc0,Business_270,5999,Category_Desc,Micro,Low,2025-02-23,LOC-e7a9085c
MERCH-a6a0a434,Business_271,4121,Category_Desc,Enterprise,Low,2025-02-19,LOC-3f7a4d9d
MERCH-6233f528,Business_272,4121,Category_Desc,Micro,Low,2025-02-15,LOC-e505c3de
MERCH-67c08ff9,Business_273,5999,Category_Desc,Micro,Low,2025-01-13,LOC-d8c5f4b1
MERCH-6f8d950f,Business_274,5999,Category_Desc,SMB,Low,2025-02-09,LOC-d6b686ac
MERCH-9e038ffa,Business_275,5812,Category_Desc,Enterprise,Low,2025-04-11,LOC-032d722b
MERCH-38bb7e08,Business_276,4121,Category_Desc,Micro,High,2025-02-06,LOC-1de04e9c
MERCH-65a3cf0c,Business_277,5999,Category_Desc,Micro,Low,2025-03-14,LOC-ab2d0790
MERCH-ab022867,Business_278,4121,Category_Desc,SMB,Low,2025-01-24,LOC-3c00f361
MERCH-ad48d853,Business_279,5999,Category_Desc,SMB,Low,2025-02-08,LOC-d5d65419
MERCH-baa7f2fd,Business_280,5999,Category_Desc,Micro,Low,2025-01-25,LOC-9a78660f
MERCH-7a624051,Business_281,5812,Category_Desc,SMB,Low,2025-03-20,LOC-ac8f947f
MERCH-907a20bb,Business_282,5999,Category_Desc,SMB,Low,2025-02-01,LOC-fa4b51ec
MERCH-a4c19d69,Business_283,4121,Category_Desc,SMB,Low,2025-03-18,LOC-55fe41d8
MERCH-acbecbdf,Business_284,5812,Category_Desc,SMB,Low,2025-03-13,LOC-49941e81
MERCH-178a0c72,Business_285,4121,Category_Desc,Micro,Medium,2025-02-28,LOC-75437794
MERCH-857ba330,Business_286,4511,Category_Desc,SMB,Low,2025-01-05,LOC-c6e4f0f1
MERCH-349f2c8a,Business_287,4511,Category_Desc,Micro,Medium,2025-01-20,LOC-70e89506
MERCH-af79a814,Business_288,4511,Category_Desc,Micro,Low,2025-03-03,LOC-67f043ef
MERCH-2fd29649,Business_289,5411,Category_Desc,Micro,Low,2025-02-13,LOC-67c16213
MERCH-4a3f13a6,Business_290,5411,Category_Desc,Micro,Low,2025-01-23,LOC-1dd3ce3b
MERCH-5c444f9c,Business_291,5411,Category_Desc,SMB,Low,2025-02-24,LOC-1f8ad90f
MERCH-415732e4,Business_292,4511,Category_Desc,Micro,Low,2025-01-29,LOC-16a734c5
MERCH-f5b16596,Business_293,5411,Category_Desc,Enterprise,High,2025-03-19,LOC-46226c32
MERCH-fae6c704,Business_294,5411,Category_Desc,SMB,High,2025-03-10,LOC-a2f6b98a
MERCH-fa849f01,Business_295,5812,Category_Desc,SMB,Low,2025-04-07,LOC-b10117e4
MERCH-eb2134f6,Business_296,4121,Category_Desc,SMB,Low,2025-03-11,LOC-7d41c3d7
MERCH-24eed008,Business_297,5411,Category_Desc,Micro,Low,2025-02-02,LOC-60330ee4
MERCH-fabe7709,Business_298,5812,Category_Desc,Micro,Low,2025-04-02,LOC-2fce260e
MERCH-6157abb6,Business_299,5812,Category_Desc,Micro,Low,2025-02-16,LOC-c47da7bc
MERCH-9e12bf7b,Business_300,4121,Category_Desc,SMB,Low,2025-01-19,LOC-772908ad
MERCH-0e0775bc,Business_301,4511,Category_Desc,Micro,Low,2025-01-09,LOC-1c5a8543
MERCH-9d7ef7b0,Business_302,5812,Category_Desc,Enterprise,Medium,2025-03-16,LOC-16934a3d
MERCH-ce46c2fa,Business_303,5812,Category_Desc,Micro,High,2025-03-31,LOC-9c412782
MERCH-c285d4f1,Business_304,5812,Category_Desc,SMB,Low,2025-01-16,LOC-f4598036
MERCH-609ca519,Business_305,5411,Category_Desc,Micro,Low,2025-03-23,LOC-a3f06e17
MERCH-6c7333d0,Business_306,4121,Category_Desc,SMB,High,2025-02-05,LOC-236dcd3f
MERCH-70581fd1,Business_307,4511,Category_Desc,Micro,Medium,2025-03-22,LOC-bd46c9d4
MERCH-d0a5771c,Business_308,5411,Category_Desc,Micro,Low,2025-02-24,LOC-f9ac4258
MERCH-98b592e5,Business_309,4121,Category_Desc,Micro,Low,2025-02-27,LOC-60330ee4
MERCH-1b834b41,Business_310,5411,Category_Desc,SMB,Low,2025-01-31,LOC-c00cf998
MERCH-a37c905a,Business_311,4121,Category_Desc,SMB,Low,2025-02-25,LOC-05184a47
MERCH-24ff4e6e,Business_312,5999,Category_Desc,Micro,Medium,2025-03-30,LOC-e8c1251d
MERCH-c049459b,Business_313,4511,Category_Desc,Micro,Medium,2025-03-25,LOC-de45b305
MERCH-7ee0659d,Business_314,4121,Category_Desc,Micro,Low,2025-02-14,LOC-2d4a4fa0
MERCH-8c381308,Business_315,5411,Category_Desc,Micro,High,2025-03-18,LOC-96b5d43b
MERCH-8f9f58a3,Business_316,5812,Category_Desc,SMB,Low,2025-03-04,LOC-57450b07
MERCH-5c6f7fbe,Business_317,4511,Category_Desc,Micro,Medium,2025-02-17,LOC-1282c979
MERCH-82c8bb4e,Business_318,5999,Category_Desc,Micro,Low,2025-02-21,LOC-e707a38c
MERCH-b0e1e4d4,Business_319,5411,Category_Desc,Micro,Low,2025-02-11,LOC-09cd6708
MERCH-ce3826ec,Business_320,4511,Category_Desc,SMB,Low,2025-02-20,LOC-74740fc8
MERCH-2a46fad4,Business_321,4121,Category_Desc,SMB,Low,2025-02-01,LOC-9fdd4c85
MERCH-81bd896e,Business_322,5411,Category_Desc,SMB,Low,2025-03-24,LOC-f4e97711
MERCH-0927c474,Business_323,5812,Category_Desc,SMB,Low,2025-02-11,LOC-cb761bcd
MERCH-051b6eca,Business_324,4511,Category_Desc,SMB,Low,2025-03-25,LOC-bde3423a
MERCH-bed13292,Business_325,5999,Category_Desc,SMB,Low,2025-01-23,LOC-0d930599
MERCH-f845f2d6,Business_326,4121,Category_Desc,SMB,Low,2025-03-24,LOC-5aca2f8d
MERCH-18be6146,Business_327,5812,Category_Desc,Micro,Low,2025-02-27,LOC-b819169e
MERCH-fef75f33,Business_328,5999,Category_Desc,Micro,Low,2025-02-08,LOC-dc6ac702
MERCH-1aec8435,Business_329,4511,Category_Desc,SMB,Low,2025-02-18,LOC-f7ca7da4
MERCH-832a0223,Business_330,5812,Category_Desc,SMB,Low,2025-01-01,LOC-9616bff7
MERCH-90f1daee,Business_331,5812,Category_Desc,Micro,Low,2025-03-27,LOC-e8c1251d
MERCH-3b4b0716,Business_332,4121,Category_Desc,SMB,Low,2025-01-19,LOC-3977a3eb
MERCH-351c3612,Business_333,5812,Category_Desc,Micro,High,2025-01-22,LOC-177378cf
MERCH-cd3c59e0,Business_334,5812,Category_Desc,SMB,Low,2025-02-10,LOC-f446df22
MERCH-558191e7,Business_335,5812,Category_Desc,Micro,Low,2025-02-21,LOC-b0a4bedc
MERCH-de54cb51,Business_336,4511,Category_Desc,SMB,Low,2025-03-01,LOC-81e12fd5
MERCH-5fb47cd1,Business_337,5812,Category_Desc,SMB,Low,2025-02-05,LOC-81f124e0
MERCH-8a5a9c87,Business_338,5812,Category_Desc,SMB,Low,2025-02-06,LOC-736f28f6
MERCH-f0f837f4,Business_339,4121,Category_Desc,Micro,Low,2025-02-02,LOC-c3e5d8bf
MERCH-4db802d9,Business_340,5411,Category_Desc,SMB,High,2025-01-11,LOC-a8e429f3
MERCH-94c11069,Business_341,4121,Category_Desc,Micro,Low,2025-02-02,LOC-e86367c8
MERCH-a02246ac,Business_342,4121,Category_Desc,Micro,Low,2025-04-04,LOC-3fd58e4d
MERCH-ff19f81d,Business_343,4121,Category_Desc,SMB,Low,2025-04-07,LOC-9c1c13ed
MERCH-18ee6aee,Business_344,5411,Category_Desc,Micro,Low,2025-04-09,LOC-befa9e42
MERCH-6303498f,Business_345,5411,Category_Desc,Micro,Low,2025-02-20,LOC-4d451559
MERCH-b816df91,Business_346,4121,Category_Desc,Enterprise,High,2025-03-27,LOC-ea473a6e
MERCH-f39cc087,Business_347,5999,Category_Desc,Micro,Low,2025-02-09,LOC-10d6ddc3
MERCH-864e4dc6,Business_348,4121,Category_Desc,Enterprise,High,2025-04-10,LOC-460eecaa
MERCH-ec3656ab,Business_349,4511,Category_Desc,Micro,Low,2025-02-28,LOC-2be31b6d
MERCH-088f42bc,Business_350,5999,Category_Desc,Micro,Low,2025-03-08,LOC-48055545
MERCH-a1226bf7,Business_351,5411,Category_Desc,Micro,Medium,2025-01-07,LOC-580815ca
MERCH-c49b78da,Business_352,5999,Category_Desc,SMB,Medium,2025-04-10,LOC-67bc485a
MERCH-c8de43a3,Business_353,5999,Category_Desc,SMB,Medium,2025-03-10,LOC-917a860d
MERCH-f0de3ff0,Business_354,5812,Category_Desc,Micro,Low,2025-04-08,LOC-ee8a7dca
MERCH-55b92c9f,Business_355,4121,Category_Desc,Enterprise,Medium,2025-04-06,LOC-13e831ae
MERCH-4affcb2a,Business_356,5411,Category_Desc,Enterprise,Low,2025-04-05,LOC-bd7116d9
MERCH-12bde75c,Business_357,5999,Category_Desc,Enterprise,Low,2025-02-18,LOC-05be9a5b
MERCH-92c09046,Business_358,5999,Category_Desc,Micro,Low,2025-01-22,LOC-aaa7431e
MERCH-1242c53b,Business_359,5999,Category_Desc,Micro,Medium,2025-01-28,LOC-b61693b0
MERCH-164696c0,Business_360,5999,Category_Desc,SMB,Low,2025-02-10,LOC-1800e7c2
MERCH-e33d8f1d,Business_361,4511,Category_Desc,Micro,Low,2025-02-17,LOC-68388744
MERCH-7222776c,Business_362,4121,Category_Desc,Micro,Low,2025-03-14,LOC-6328b2d9
MERCH-64c01da0,Business_363,5999,Category_Desc,SMB,Low,2025-02-13,LOC-328d2b25
MERCH-5b839e3f,Business_364,4511,Category_Desc,Micro,High,2025-02-03,LOC-460eecaa
MERCH-c4b7df9a,Business_365,5812,Category_Desc,Micro,Medium,2025-03-28,LOC-49941e81
MERCH-c11da293,Business_366,5812,Category_Desc,Micro,Low,2025-01-28,LOC-68a72809
MERCH-e936b148,Business_367,5999,Category_Desc,Micro,Low,2025-01-19,LOC-092d21c3
MERCH-3e7bc769,Business_368,4121,Category_Desc,Micro,Low,2025-02-24,LOC-3f3a478f
MERCH-54e275aa,Business_369,5999,Category_Desc,SMB,Low,2025-02-19,LOC-2a124ee3
MERCH-c3868164,Business_370,5812,Category_Desc,SMB,Low,2025-01-15,LOC-23071934
MERCH-643ae2ac,Business_371,4511,Category_Desc,Micro,Low,2025-02-18,LOC-1d21da87
MERCH-8593b48d,Business_372,5411,Category_Desc,SMB,High,2025-03-31,LOC-3b21e70a
MERCH-a6c374b4,Business_373,4121,Category_Desc,Micro,Low,2025-03-25,LOC-0cfa58b3
MERCH-c70fc14f,Business_374,5999,Category_Desc,Enterprise,Medium,2025-03-04,LOC-a0fa69ea
MERCH-fe1f5412,Business_375,4121,Category_Desc,SMB,Medium,2025-01-12,LOC-30d83bdf
MERCH-dcb1db9d,Business_376,4121,Category_Desc,Micro,High,2025-01-16,LOC-15c41438
MERCH-d1adb0d8,Business_377,4121,Category_Desc,SMB,High,2025-01-20,LOC-4402edea
MERCH-7bcd403d,Business_378,4511,Category_Desc,SMB,Low,2025-02-22,LOC-c0bbd395
MERCH-0d497049,Business_379,5999,Category_Desc,Enterprise,Low,2025-02-09,LOC-1a2c8ff8
MERCH-b6cb2b86,Business_380,5411,Category_Desc,SMB,Low,2025-04-03,LOC-af15a3ad
MERCH-88927c58,Business_381,4121,Category_Desc,Micro,Medium,2025-01-11,LOC-97da11a2
MERCH-fae18722,Business_382,5411,Category_Desc,SMB,Low,2025-04-06,LOC-ad427cf5
MERCH-a9b5b74d,Business_383,5812,Category_Desc,Enterprise,Medium,2025-01-01,LOC-129c46cf
MERCH-8659f621,Business_384,5999,Category_Desc,SMB,Low,2025-02-05,LOC-d8c5f4b1
MERCH-68497779,Business_385,5999,Category_Desc,Micro,Medium,2025-02-23,LOC-cb6e02cc
MERCH-4e118a86,Business_386,5411,Category_Desc,SMB,Medium,2025-02-03,LOC-966b0679
MERCH-e0ccee22,Business_387,5999,Category_Desc,Enterprise,High,2025-01-11,LOC-b3facb79
MERCH-7e8ae877,Business_388,4511,Category_Desc,Enterprise,Low,2025-04-02,LOC-e2e59223
MERCH-46750dcd,Business_389,4511,Category_Desc,SMB,Low,2025-04-04,LOC-78c17c99
MERCH-638c5a58,Business_390,5411,Category_Desc,Micro,Medium,2025-02-25,LOC-c7141c29
MERCH-f0810c8e,Business_391,4511,Category_Desc,Micro,Low,2025-03-17,LOC-88dfd0ae
MERCH-bd469bd7,Business_392,4511,Category_Desc,SMB,Low,2025-03-26,LOC-63a5f8e9
MERCH-a5f3d35b,Business_393,5812,Category_Desc,Micro,Low,2025-02-19,LOC-68539f9a
MERCH-7025382c,Business_394,5411,Category_Desc,SMB,Medium,2025-02-24,LOC-5110fb39
MERCH-66aeda28,Business_395,5999,Category_Desc,SMB,High,2025-01-09,LOC-bfaf2f3c
MERCH-012022ad,Business_396,4121,Category_Desc,SMB,Low,2025-01-05,LOC-c0bbd395
MERCH-537335ba,Business_397,4511,Category_Desc,Micro,Low,2025-04-11,LOC-d1ee44bc
MERCH-072807e9,Business_398,4121,Category_Desc,Micro,High,2025-03-05,LOC-d6baa030
MERCH-d5d78513,Business_399,4121,Category_Desc,Micro,Low,2025-03-09,LOC-f80ae817
MERCH-671e49a3,Business_400,5812,Category_Desc,Micro,Medium,2025-02-26,LOC-9c558612
MERCH-cbebc5bc,Business_401,5411,Category_Desc,Micro,Medium,2025-02-15,LOC-877b626a
MERCH-f4ea791f,Business_402,5411,Category_Desc,Micro,Low,2025-01-30,LOC-a03b7877
MERCH-a9be6189,Business_403,5812,Category_Desc,Micro,Low,2025-03-02,LOC-f9171876
MERCH-87032e02,Business_404,5411,Category_Desc,Micro,Low,2025-02-24,LOC-d8c5f4b1
MERCH-12c6fc3d,Business_405,4121,Category_Desc,Micro,Low,2025-03-28,LOC-c14d8ec0
MERCH-15c1269e,Business_406,5812,Category_Desc,SMB,Medium,2025-02-23,LOC-17eeb3af
MERCH-f97000b8,Business_407,5411,Category_Desc,SMB,Low,2025-02-25,LOC-bbf9e72b
MERCH-d197591b,Business_408,5999,Category_Desc,SMB,Low,2025-03-15,LOC-b5c9d2d0
MERCH-2eb68f0d,Business_409,4511,Category_Desc,Micro,Low,2025-01-04,LOC-57450b07
MERCH-df330bb9,Business_410,5999,Category_Desc,SMB,Low,2025-03-16,LOC-9c558612
MERCH-635eda43,Business_411,4121,Category_Desc,Micro,Low,2025-02-04,LOC-d0e59f53
MERCH-1f1a3ddc,Business_412,4121,Category_Desc,Enterprise,Low,2025-03-29,LOC-a68b7253
MERCH-3240a951,Business_413,4511,Category_Desc,SMB,Low,2025-02-02,LOC-99aaf806
MERCH-807f5596,Business_414,5812,Category_Desc,SMB,Low,2025-01-09,LOC-1be8e85f
MERCH-86863a91,Business_415,4511,Category_Desc,Enterprise,Medium,2025-04-07,LOC-3620b57e
MERCH-1bc0130d,Business_416,5999,Category_Desc,SMB,Medium,2025-02-07,LOC-3c00f361
MERCH-6f9f9cf3,Business_417,4121,Category_Desc,SMB,Low,2025-04-03,LOC-0d969654
MERCH-b47a1c38,Business_418,5812,Category_Desc,SMB,Low,2025-03-15,LOC-9c8ab4fd
MERCH-8a3d337f,Business_419,4511,Category_Desc,Micro,Medium,2025-02-03,LOC-d42e072a
MERCH-1f4cdb30,Business_420,4121,Category_Desc,Micro,Low,2025-01-10,LOC-eab93e8d
MERCH-d58907c7,Business_421,4511,Category_Desc,SMB,Medium,2025-04-11,LOC-72f6cad0
MERCH-f9c10e17,Business_422,5812,Category_Desc,SMB,Low,2025-02-06,LOC-a5c97d0a
MERCH-86720975,Business_423,4121,Category_Desc,Enterprise,Medium,2025-03-05,LOC-2c8094ea
MERCH-40fce59f,Business_424,4121,Category_Desc,Micro,Low,2025-02-24,LOC-c82be980
MERCH-9a972e95,Business_425,5411,Category_Desc,SMB,Low,2025-04-02,LOC-ab2d0790
MERCH-b402f539,Business_426,4511,Category_Desc,SMB,Low,2025-02-22,LOC-3c00f361
MERCH-b249bb7f,Business_427,5411,Category_Desc,Micro,High,2025-01-25,LOC-884ab63f
MERCH-ae1fa5af,Business_428,4121,Category_Desc,Micro,Medium,2025-03-18,LOC-be790ac9
MERCH-500b3220,Business_429,4511,Category_Desc,SMB,Low,2025-03-09,LOC-73c1a505
MERCH-c69eca87,Business_430,4121,Category_Desc,Micro,Low,2025-03-03,LOC-f8faa32d
MERCH-3a901ba4,Business_431,5411,Category_Desc,Micro,High,2025-03-22,LOC-27774ae7
MERCH-39cc4e8c,Business_432,5812,Category_Desc,Micro,Low,2025-02-25,LOC-cdca5209
MERCH-28608ec1,Business_433,4121,Category_Desc,Micro,Low,2025-04-10,LOC-3f097453
MERCH-d3388eec,Business_434,5411,Category_Desc,Micro,Low,2025-02-16,LOC-7be4132c
MERCH-9ad2e3aa,Business_435,4121,Category_Desc,SMB,High,2025-01-01,LOC-22382d11
MERCH-a0438bfa,Business_436,5411,Category_Desc,Micro,Low,2025-04-05,LOC-638e9635
MERCH-5b4bcabb,Business_437,5411,Category_Desc,Enterprise,Low,2025-03-19,LOC-2618d17f
MERCH-2cc945aa,Business_438,4121,Category_Desc,Micro,Low,2025-02-13,LOC-eab93e8d
MERCH-8794487a,Business_439,4121,Category_Desc,Micro,Low,2025-02-23,LOC-e7a9085c
MERCH-787430b2,Business_440,4121,Category_Desc,Micro,High,2025-02-16,LOC-35f5ea92
MERCH-ee9d2592,Business_441,4121,Category_Desc,Micro,Low,2025-04-08,LOC-97da11a2
MERCH-1cc4967b,Business_442,5999,Category_Desc,Micro,Low,2025-01-05,LOC-d558ca78
MERCH-0c96b0dc,Business_443,5999,Category_Desc,Micro,Low,2025-02-12,LOC-508fa08e
MERCH-a205adcc,Business_444,5411,Category_Desc,Micro,Medium,2025-01-08,LOC-e1316420
MERCH-e18ec32d,Business_445,5411,Category_Desc,SMB,Low,2025-01-11,LOC-957045a7
MERCH-644457db,Business_446,5812,Category_Desc,Micro,Low,2025-04-02,LOC-060ab820
MERCH-75f1b3f2,Business_447,5999,Category_Desc,SMB,Medium,2025-03-01,LOC-9179bc5c
MERCH-1fd942ff,Business_448,4121,Category_Desc,Micro,Low,2025-02-23,LOC-bc614971
MERCH-d390933d,Business_449,5411,Category_Desc,SMB,Low,2025-02-20,LOC-4768c96c
MERCH-d3704fd7,Business_450,5411,Category_Desc,Micro,Medium,2025-02-11,LOC-6ba67fd5
MERCH-cffee6d2,Business_451,4511,Category_Desc,SMB,Low,2025-02-07,LOC-4de0e202
MERCH-9327899b,Business_452,5812,Category_Desc,Micro,Medium,2025-02-06,LOC-31a61ee0
MERCH-7f8da899,Business_453,4511,Category_Desc,Micro,Low,2025-02-12,LOC-f5c4d251
MERCH-e2be98cb,Business_454,5812,Category_Desc,SMB,Medium,2025-01-29,LOC-28bbfbd9
MERCH-5535f1d9,Business_455,5999,Category_Desc,Micro,Low,2025-01-30,LOC-918e59dd
MERCH-ad810d67,Business_456,5999,Category_Desc,SMB,Low,2025-02-26,LOC-12bc3d88
MERCH-c6702f09,Business_457,4511,Category_Desc,Micro,Medium,2025-01-11,LOC-460eecaa
MERCH-f118c8e2,Business_458,5999,Category_Desc,SMB,Low,2025-02-15,LOC-99aaf806
MERCH-759ac338,Business_459,4511,Category_Desc,SMB,Medium,2025-03-27,LOC-90df452c
MERCH-93907aba,Business_460,4511,Category_Desc,Micro,Low,2025-01-24,LOC-3aeadf56
MERCH-1dff2b42,Business_461,5812,Category_Desc,SMB,Medium,2025-03-10,LOC-92c8be22
MERCH-9f3bbcee,Business_462,5411,Category_Desc,Micro,Medium,2025-01-31,LOC-e925b874
MERCH-b5f79031,Business_463,5411,Category_Desc,SMB,Low,2025-01-07,LOC-f2f46e18
MERCH-80b8536f,Business_464,5812,Category_Desc,SMB,Low,2025-02-18,LOC-838e0c3d
MERCH-23d74f38,Business_465,4121,Category_Desc,SMB,Low,2025-01-15,LOC-d1c2d27e
MERCH-8e5e271f,Business_466,5411,Category_Desc,SMB,Low,2025-01-16,LOC-7ff2900d
MERCH-4b43e611,Business_467,5411,Category_Desc,Enterprise,Low,2025-03-11,LOC-c79a65a4
MERCH-ad5c88c4,Business_468,4511,Category_Desc,Micro,Low,2025-02-19,LOC-62734c86
MERCH-cd1dbf00,Business_469,5411,Category_Desc,Micro,Medium,2025-03-30,LOC-ec16386c
MERCH-d917b748,Business_470,4121,Category_Desc,SMB,Low,2025-03-29,LOC-c14cbae3
MERCH-2ca245f3,Business_471,4511,Category_Desc,Micro,Low,2025-04-11,LOC-80e448ed
MERCH-533618a5,Business_472,5999,Category_Desc,Micro,Low,2025-02-27,LOC-402caf20
MERCH-d07df6cd,Business_473,5411,Category_Desc,Micro,Low,2025-03-15,LOC-01a5f076
MERCH-c746be39,Business_474,4511,Category_Desc,Micro,Medium,2025-04-02,LOC-833870a8
MERCH-d63fa48b,Business_475,5999,Category_Desc,SMB,Low,2025-03-12,LOC-6cba9a9e
MERCH-0a914fe2,Business_476,4511,Category_Desc,SMB,Low,2025-03-22,LOC-6a3819ee
MERCH-b016ec0e,Business_477,4121,Category_Desc,Micro,Low,2025-02-13,LOC-d9d4b171
MERCH-c7dba454,Business_478,4511,Category_Desc,Micro,Low,2025-03-24,LOC-d558ca78
MERCH-abbd2046,Business_479,5812,Category_Desc,Micro,Low,2025-03-19,LOC-3d4cd9ef
MERCH-0c8a2a49,Business_480,5812,Category_Desc,Micro,Low,2025-04-11,LOC-8caa170e
MERCH-f98a4e93,Business_481,4511,Category_Desc,SMB,Low,2025-01-14,LOC-ce4b8a21
MERCH-00786c7d,Business_482,4121,Category_Desc,Enterprise,Low,2025-04-05,LOC-7be4132c
MERCH-a403e7e6,Business_483,5411,Category_Desc,Micro,Low,2025-04-03,LOC-97f236ec
MERCH-f4400652,Business_484,5999,Category_Desc,SMB,Low,2025-03-10,LOC-1282c979
MERCH-26ce0c1e,Business_485,5999,Category_Desc,SMB,Low,2025-02-01,LOC-5110fb39
MERCH-5a42db2d,Business_486,4511,Category_Desc,Micro,Low,2025-02-04,LOC-5be8f3dc
MERCH-0d24039c,Business_487,5999,Category_Desc,Micro,Low,2025-04-02,LOC-9e666033
MERCH-60f70068,Business_488,4511,Category_Desc,Micro,Medium,2025-02-27,LOC-e0710143
MERCH-d292c388,Business_489,5812,Category_Desc,Micro,Medium,2025-03-16,LOC-8747f3db
MERCH-ec3ff661,Business_490,4121,Category_Desc,SMB,Low,2025-03-24,LOC-33a7693f
MERCH-1a4d1e64,Business_491,5999,Category_Desc,SMB,Medium,2025-01-15,LOC-040cbf83
MERCH-556ca7b1,Business_492,5411,Category_Desc,Enterprise,Low,2025-02-18,LOC-d3298b69
MERCH-90fb43d1,Business_493,4121,Category_Desc,Micro,Medium,2025-03-09,LOC-b5805164
MERCH-d5603ebf,Business_494,4121,Category_Desc,Micro,Low,2025-01-16,LOC-d1ee44bc
MERCH-c7ba9bcf,Business_495,4121,Category_Desc,Micro,Low,2025-03-19,LOC-220eb756
MERCH-71f5a12c,Business_496,4511,Category_Desc,Micro,Low,2025-04-07,LOC-3e688a6f
MERCH-f55fa953,Business_497,5411,Category_Desc,Enterprise,Low,2025-01-19,LOC-73c1a505
MERCH-db60935e,Business_498,5411,Category_Desc,Micro,Low,2025-03-01,LOC-c57fcc50
MERCH-f0fc4119,Business_499,5999,Category_Desc,Enterprise,Low,2025-04-03,LOC-41caeaa4
MERCH-78193a18,Business_500,4511,Category_Desc,SMB,Medium,2025-03-14,LOC-269cd536
MERCH-e48c47e2,Business_501,5812,Category_Desc,SMB,High,2025-01-04,LOC-26a8856e
MERCH-dd16ba4d,Business_502,4121,Category_Desc,SMB,Low,2025-02-02,LOC-26a8856e
MERCH-ace0738b,Business_503,5411,Category_Desc,Micro,Low,2025-02-25,LOC-2ab084c8
MERCH-e59219bf,Business_504,5411,Category_Desc,Micro,Medium,2025-02-27,LOC-463dffae
MERCH-1430b535,Business_505,4511,Category_Desc,SMB,Low,2025-02-20,LOC-60f1b573
MERCH-4db48df8,Business_506,5411,Category_Desc,SMB,Low,2025-01-01,LOC-80e656ae
MERCH-30b259c5,Business_507,4121,Category_Desc,Micro,Low,2025-03-27,LOC-f52866cf
MERCH-f89c1d4b,Business_508,5812,Category_Desc,Micro,Low,2025-01-16,LOC-cd026bb9
MERCH-f9676c3b,Business_509,4511,Category_Desc,Micro,Low,2025-03-20,LOC-e2912708
MERCH-a90b40bf,Business_510,5812,Category_Desc,SMB,Low,2025-01-14,LOC-e42d8d44
MERCH-aa46659c,Business_511,4511,Category_Desc,SMB,Low,2025-03-12,LOC-23ad3054
MERCH-ddf88db4,Business_512,5411,Category_Desc,Micro,Low,2025-03-06,LOC-85db4531
MERCH-55364e0c,Business_513,4511,Category_Desc,Micro,Low,2025-01-19,LOC-5b4eafd7
MERCH-0d7e5adc,Business_514,4511,Category_Desc,SMB,Medium,2025-01-08,LOC-6e1c86ca
MERCH-0a2624ad,Business_515,4511,Category_Desc,Micro,Medium,2025-01-25,LOC-1b8658cc
MERCH-7f3b2f15,Business_516,5411,Category_Desc,SMB,Low,2025-03-07,LOC-3c00f361
MERCH-ded6e3d2,Business_517,5999,Category_Desc,SMB,Medium,2025-03-22,LOC-752d1987
MERCH-a3bfcb3c,Business_518,5999,Category_Desc,SMB,Low,2025-03-31,LOC-ac08b136
MERCH-8592080b,Business_519,5812,Category_Desc,SMB,Low,2025-02-07,LOC-b4cf1833
MERCH-5732710e,Business_520,5411,Category_Desc,SMB,Medium,2025-01-05,LOC-6bb7cb54
MERCH-518db0d4,Business_521,5812,Category_Desc,SMB,Low,2025-03-06,LOC-0e5b8b27
MERCH-06730572,Business_522,4121,Category_Desc,SMB,Low,2025-01-19,LOC-8c692ad6
MERCH-1c8034a0,Business_523,4121,Category_Desc,Micro,Low,2025-01-07,LOC-96c414f0
MERCH-5de5b4a8,Business_524,4121,Category_Desc,Enterprise,Low,2025-03-27,LOC-a820732e
MERCH-e3a146e8,Business_525,5999,Category_Desc,Micro,Medium,2025-01-21,LOC-5b4eafd7
MERCH-82c6375c,Business_526,4121,Category_Desc,SMB,Low,2025-01-04,LOC-969feb0d
MERCH-1d2149ef,Business_527,4121,Category_Desc,Micro,Low,2025-01-21,LOC-b5805164
MERCH-40b1a27a,Business_528,5812,Category_Desc,SMB,Low,2025-01-02,LOC-cd026bb9
MERCH-5f836524,Business_529,4121,Category_Desc,Micro,Low,2025-03-15,LOC-08cd0aff
MERCH-a60f5019,Business_530,5999,Category_Desc,SMB,Low,2025-01-27,LOC-fad91988
MERCH-dd0e4e87,Business_531,4121,Category_Desc,Micro,Low,2025-03-24,LOC-236dcd3f
MERCH-34cdaa0b,Business_532,4511,Category_Desc,SMB,Low,2025-04-10,LOC-0467e820
MERCH-4245f6db,Business_533,5812,Category_Desc,Enterprise,Low,2025-03-06,LOC-97da11a2
MERCH-1544fb49,Business_534,5812,Category_Desc,SMB,Low,2025-04-08,LOC-99aaf806
MERCH-3d6d531d,Business_535,4511,Category_Desc,Micro,Low,2025-01-20,LOC-adf05302
MERCH-7913a627,Business_536,5812,Category_Desc,Micro,Low,2025-04-04,LOC-28d27c20
MERCH-4564d770,Business_537,5999,Category_Desc,Micro,Medium,2025-01-12,LOC-6d6cd56d
MERCH-d32e3a98,Business_538,5999,Category_Desc,Enterprise,Low,2025-02-04,LOC-ccc67d92
MERCH-686e4b81,Business_539,4511,Category_Desc,Micro,Low,2025-03-25,LOC-2618d17f
MERCH-46371879,Business_540,5999,Category_Desc,SMB,Low,2025-01-14,LOC-84e7072a
MERCH-7c673095,Business_541,5999,Category_Desc,SMB,Medium,2025-03-26,LOC-6803b520
MERCH-da13fcd6,Business_542,5411,Category_Desc,Enterprise,Low,2025-02-28,LOC-0318ac49
MERCH-c4097657,Business_543,4121,Category_Desc,SMB,Medium,2025-03-26,LOC-d34d70f5
MERCH-15ecb45b,Business_544,4121,Category_Desc,Micro,Low,2025-02-02,LOC-d1c2d27e
MERCH-0d3993d1,Business_545,5812,Category_Desc,Micro,Low,2025-03-30,LOC-ec0afbb4
MERCH-b7578ba8,Business_546,5812,Category_Desc,SMB,Medium,2025-03-09,LOC-55b65c9b
MERCH-07681542,Business_547,4121,Category_Desc,Micro,Low,2025-01-13,LOC-7c0c7c98
MERCH-a19f2edd,Business_548,4511,Category_Desc,Enterprise,Low,2025-01-05,LOC-8deeefe4
MERCH-c9379fa0,Business_549,4511,Category_Desc,SMB,Low,2025-01-08,LOC-8e2b9c7f
MERCH-a40100fe,Business_550,5812,Category_Desc,Micro,Low,2025-01-03,LOC-e85fac93
MERCH-c89d014e,Business_551,4511,Category_Desc,Micro,Low,2025-01-29,LOC-b6bf2610
MERCH-026b3d32,Business_552,5999,Category_Desc,Enterprise,Low,2025-02-21,LOC-df8eae24
MERCH-cc07c760,Business_553,4121,Category_Desc,Micro,Medium,2025-02-01,LOC-76fa44a8
MERCH-2511fa51,Business_554,4511,Category_Desc,Micro,Medium,2025-01-22,LOC-62734c86
MERCH-41769cc1,Business_555,4121,Category_Desc,Micro,Low,2025-01-28,LOC-a159da24
MERCH-b76cb225,Business_556,5999,Category_Desc,Micro,Low,2025-03-09,LOC-85135e21
MERCH-9e41bef3,Business_557,4511,Category_Desc,SMB,Medium,2025-02-22,LOC-eb2be329
MERCH-3e8fa36a,Business_558,5411,Category_Desc,Enterprise,Low,2025-02-23,LOC-008a804d
MERCH-8b910dd9,Business_559,5812,Category_Desc,Micro,Low,2025-01-20,LOC-938a089f
MERCH-d95735ab,Business_560,4121,Category_Desc,Micro,Medium,2025-03-22,LOC-28c4d699
MERCH-a90d5f18,Business_561,4121,Category_Desc,Micro,Low,2025-03-19,LOC-60f1b573
MERCH-acc7746e,Business_562,4121,Category_Desc,SMB,Low,2025-01-22,LOC-0ee05c97
MERCH-892e9a06,Business_563,5999,Category_Desc,SMB,Low,2025-01-12,LOC-c57fcc50
MERCH-8032e6f4,Business_564,5411,Category_Desc,Micro,Low,2025-03-17,LOC-b991b23e
MERCH-284c3635,Business_565,5999,Category_Desc,Micro,Medium,2025-01-22,LOC-85db4531
MERCH-1164a420,Business_566,4511,Category_Desc,Micro,Low,2025-03-13,LOC-697ff28e
MERCH-c8ba45c8,Business_567,4511,Category_Desc,Micro,High,2025-01-12,LOC-dcf31c02
MERCH-f7213625,Business_568,5411,Category_Desc,Micro,Low,2025-02-25,LOC-f9ac4258
MERCH-8a6aa55d,Business_569,5411,Category_Desc,SMB,Low,2025-01-23,LOC-02649b9f
MERCH-98f6d549,Business_570,5999,Category_Desc,SMB,Low,2025-02-01,LOC-ff37f3a9
MERCH-833d2713,Business_571,4121,Category_Desc,SMB,Medium,2025-02-28,LOC-60ea8571
MERCH-4d6fdddc,Business_572,5812,Category_Desc,Micro,Medium,2025-02-24,LOC-4b8d1c37
MERCH-16c9de70,Business_573,5999,Category_Desc,SMB,Low,2025-03-21,LOC-2872ae01
MERCH-fb098062,Business_574,5812,Category_Desc,Micro,Low,2025-03-10,LOC-96f12b0e
MERCH-dca8aab5,Business_575,4511,Category_Desc,Enterprise,Medium,2025-01-13,LOC-e1316420
MERCH-a1a1b115,Business_576,5812,Category_Desc,SMB,Low,2025-03-19,LOC-a1a354ce
MERCH-e487fffd,Business_577,5411,Category_Desc,SMB,Low,2025-02-27,LOC-1b753479
MERCH-7b8d3292,Business_578,4121,Category_Desc,Micro,Low,2025-02-26,LOC-8433d7ce
MERCH-5c6d1c4d,Business_579,5812,Category_Desc,SMB,Medium,2025-01-10,LOC-d2c11252
MERCH-50d06e8f,Business_580,4121,Category_Desc,Enterprise,Low,2025-01-27,LOC-01c42c6f
MERCH-fa9f2f09,Business_581,4511,Category_Desc,Micro,Medium,2025-01-03,LOC-ab2d0790
MERCH-9ded566a,Business_582,4511,Category_Desc,SMB,Low,2025-02-25,LOC-d6abec44
MERCH-828d1d8b,Business_583,4511,Category_Desc,SMB,Low,2025-03-13,LOC-0ee05c97
MERCH-631a35c5,Business_584,5411,Category_Desc,Micro,Low,2025-01-13,LOC-6b3ea359
MERCH-76c8bb06,Business_585,5999,Category_Desc,SMB,High,2025-02-06,LOC-737054c0
MERCH-3739fb7b,Business_586,5812,Category_Desc,Micro,Low,2025-03-07,LOC-4768c96c
MERCH-33681536,Business_587,5411,Category_Desc,Micro,Low,2025-02-03,LOC-a1a354ce
MERCH-03aad46f,Business_588,4121,Category_Desc,Micro,Low,2025-01-09,LOC-aaa7431e
MERCH-f910603e,Business_589,4121,Category_Desc,Enterprise,Low,2025-02-13,LOC-b1b93835
MERCH-17c7dea9,Business_590,5812,Category_Desc,SMB,Low,2025-01-13,LOC-b6bf2610
MERCH-c24bf280,Business_591,5812,Category_Desc,Enterprise,Medium,2025-03-16,LOC-0c3cb31b
MERCH-814e3470,Business_592,5812,Category_Desc,SMB,Medium,2025-01-13,LOC-85db4531
MERCH-885fde2d,Business_593,4511,Category_Desc,SMB,Low,2025-01-08,LOC-62734c86
MERCH-6028dde9,Business_594,4511,Category_Desc,Micro,Low,2025-01-02,LOC-016dd350
MERCH-831dd83e,Business_595,5411,Category_Desc,Micro,Medium,2025-03-04,LOC-243e2f48
MERCH-091cc1f9,Business_596,5812,Category_Desc,SMB,High,2025-02-11,LOC-81f124e0
MERCH-9f64c9b9,Business_597,4121,Category_Desc,Micro,Medium,2025-03-06,LOC-566fe368
MERCH-efb7634c,Business_598,5411,Category_Desc,SMB,Low,2025-03-13,LOC-7a7836d5
MERCH-caa93c25,Business_599,5812,Category_Desc,SMB,High,2025-02-17,LOC-1dd3ce3b
MERCH-2de09c6e,Business_600,5411,Category_Desc,Micro,Medium,2025-01-16,LOC-5d97b9a1
MERCH-1441ad14,Business_601,4511,Category_Desc,SMB,High,2025-02-25,LOC-d42e072a
MERCH-183e2213,Business_602,5999,Category_Desc,SMB,Medium,2025-01-30,LOC-9c2ba633
MERCH-0109b93b,Business_603,5812,Category_Desc,SMB,High,2025-04-11,LOC-41394bf4
MERCH-928c37eb,Business_604,5999,Category_Desc,Micro,Medium,2025-01-12,LOC-3af7255f
MERCH-1f6fab3a,Business_605,4511,Category_Desc,Micro,Low,2025-02-09,LOC-bb25647a
MERCH-e30e1753,Business_606,4511,Category_Desc,Enterprise,Medium,2025-01-26,LOC-27774ae7
MERCH-ce335db5,Business_607,4511,Category_Desc,Enterprise,Medium,2025-03-14,LOC-8684adad
MERCH-73d64c19,Business_608,5999,Category_Desc,SMB,High,2025-02-18,LOC-3746ec76
MERCH-12fdfea9,Business_609,5999,Category_Desc,Micro,Medium,2025-01-17,LOC-b1b93835
MERCH-677402bf,Business_610,5812,Category_Desc,Micro,Low,2025-02-01,LOC-a7df81d1
MERCH-fa76d7bb,Business_611,5812,Category_Desc,Micro,High,2025-02-02,LOC-d431297d
MERCH-34327ed1,Business_612,4121,Category_Desc,Enterprise,Low,2025-02-09,LOC-b44b74d4
MERCH-500bc3aa,Business_613,4511,Category_Desc,SMB,Low,2025-03-10,LOC-d5d65419
MERCH-3c2d99a7,Business_614,5812,Category_Desc,Micro,Low,2025-01-13,LOC-08a0c0f8
MERCH-e5ba04f4,Business_615,5999,Category_Desc,Micro,Low,2025-01-24,LOC-0807c040
MERCH-b4085a9a,Business_616,4511,Category_Desc,SMB,Low,2025-03-07,LOC-a2b1997b
MERCH-21a3a088,Business_617,5999,Category_Desc,Micro,Low,2025-01-14,LOC-1a2c8ff8
MERCH-8f61ef39,Business_618,4121,Category_Desc,Micro,Medium,2025-04-05,LOC-0b93efa8
MERCH-acff6c85,Business_619,5999,Category_Desc,SMB,Low,2025-03-04,LOC-1dd3ce3b
MERCH-a0294b82,Business_620,5411,Category_Desc,SMB,Low,2025-04-08,LOC-00c457cf
MERCH-a624e8ee,Business_621,4121,Category_Desc,Enterprise,Low,2025-04-11,LOC-6a512612
MERCH-84e7b73f,Business_622,5999,Category_Desc,Micro,Low,2025-02-06,LOC-520d9daa
MERCH-edac070f,Business_623,4121,Category_Desc,Micro,Low,2025-03-19,LOC-cc8383e2
MERCH-6fc2a5bf,Business_624,4511,Category_Desc,Micro,Medium,2025-03-25,LOC-f80c060d
MERCH-98f6564b,Business_625,4511,Category_Desc,Micro,Medium,2025-02-24,LOC-b0354380
MERCH-1e9f7be3,Business_626,4511,Category_Desc,SMB,Low,2025-01-02,LOC-2fce260e
MERCH-c5747d69,Business_627,4121,Category_Desc,Micro,Low,2025-02-14,LOC-3a1e0a08
MERCH-658cc754,Business_628,4511,Category_Desc,SMB,Low,2025-03-27,LOC-7f4dc2ef
MERCH-d4d5bb89,Business_629,4511,Category_Desc,SMB,Low,2025-04-06,LOC-57a2bd30
MERCH-5288bd21,Business_630,4121,Category_Desc,Micro,Low,2025-01-27,LOC-95c4073c
MERCH-a72cb79d,Business_631,5999,Category_Desc,Micro,Medium,2025-04-08,LOC-768a9143
MERCH-271c2446,Business_632,5812,Category_Desc,SMB,Low,2025-01-29,LOC-99630ee7
MERCH-859daecc,Business_633,5411,Category_Desc,Micro,Low,2025-03-22,LOC-a795146a
MERCH-cc3e5605,Business_634,5999,Category_Desc,SMB,Low,2025-03-01,LOC-9b01476b
MERCH-3ec2c3fe,Business_635,5999,Category_Desc,SMB,Medium,2025-02-28,LOC-e707a38c
MERCH-4f9f73c4,Business_636,5812,Category_Desc,Micro,Low,2025-04-10,LOC-60ea8571
MERCH-44d79d5d,Business_637,5411,Category_Desc,SMB,Low,2025-01-25,LOC-763959fc
MERCH-1712ae6d,Business_638,5812,Category_Desc,Micro,High,2025-01-08,LOC-e992dd9e
MERCH-567131ee,Business_639,5411,Category_Desc,Micro,Medium,2025-04-11,LOC-76499b39
MERCH-0d7aa5bd,Business_640,4511,Category_Desc,Micro,Low,2025-01-07,LOC-543c217b
MERCH-4da6d01b,Business_641,5812,Category_Desc,SMB,Low,2025-02-15,LOC-a9985f69
MERCH-f0380f4d,Business_642,5411,Category_Desc,Micro,Low,2025-03-18,LOC-e5a39dc4
MERCH-b4a65663,Business_643,5812,Category_Desc,Micro,Low,2025-02-24,LOC-3620b57e
MERCH-05167071,Business_644,5411,Category_Desc,Micro,Low,2025-02-01,LOC-1c044ae4
MERCH-599ca75a,Business_645,4511,Category_Desc,Enterprise,Medium,2025-02-25,LOC-da91c8a1
MERCH-4fb82f0e,Business_646,5812,Category_Desc,Micro,Low,2025-04-03,LOC-df23b9da
MERCH-1a2962a6,Business_647,5411,Category_Desc,Micro,Low,2025-03-05,LOC-ec0afbb4
MERCH-362f696d,Business_648,5812,Category_Desc,Micro,Low,2025-01-03,LOC-9b4f5e73
MERCH-344811c7,Business_649,4121,Category_Desc,SMB,Low,2025-01-30,LOC-1c5a8543
MERCH-0c97ae3d,Business_650,4121,Category_Desc,Micro,Low,2025-01-26,LOC-b0a4bedc
MERCH-beb309cd,Business_651,5812,Category_Desc,SMB,Low,2025-02-23,LOC-312e6c1a
MERCH-80471951,Business_652,5999,Category_Desc,SMB,Low,2025-01-04,LOC-b3facb79
MERCH-8f7431c8,Business_653,5812,Category_Desc,Micro,Low,2025-02-02,LOC-0a109388
MERCH-d3d40ea5,Business_654,5812,Category_Desc,Micro,Low,2025-03-07,LOC-3db8ae85
MERCH-3360c1b5,Business_655,4121,Category_Desc,SMB,Low,2025-03-20,LOC-328e6a2d
MERCH-62bfece6,Business_656,5812,Category_Desc,Micro,Medium,2025-01-08,LOC-0f0e8c9d
MERCH-52c848dd,Business_657,4121,Category_Desc,SMB,Low,2025-02-06,LOC-f446df22
MERCH-ba6aa4ce,Business_658,4121,Category_Desc,SMB,Low,2025-03-10,LOC-a820732e
MERCH-eeb378f1,Business_659,5812,Category_Desc,Micro,Low,2025-04-01,LOC-65756e19
MERCH-783bc317,Business_660,5812,Category_Desc,Micro,Low,2025-02-09,LOC-3bfd01a1
MERCH-b2fbd4b9,Business_661,4511,Category_Desc,SMB,Low,2025-03-24,LOC-e595f120
MERCH-fcdef2a1,Business_662,4511,Category_Desc,SMB,Medium,2025-03-14,LOC-1d21da87
MERCH-9762fba0,Business_663,5812,Category_Desc,Micro,Medium,2025-02-08,LOC-748d120f
MERCH-d20d15a4,Business_664,4511,Category_Desc,SMB,Low,2025-01-20,LOC-d5fd7749
MERCH-0998f935,Business_665,5411,Category_Desc,Micro,Low,2025-02-22,LOC-186535d8
MERCH-66c937be,Business_666,5411,Category_Desc,SMB,Low,2025-02-28,LOC-aa57dc44
MERCH-6cef5559,Business_667,4121,Category_Desc,Micro,Medium,2025-01-07,LOC-32872e71
MERCH-241527c5,Business_668,5999,Category_Desc,SMB,Low,2025-01-10,LOC-e707a38c
MERCH-f986bd8a,Business_669,5812,Category_Desc,Micro,High,2025-03-02,LOC-5fe1e974
MERCH-12003e2f,Business_670,5999,Category_Desc,Micro,Medium,2025-03-20,LOC-fc35c25d
MERCH-f2d056e4,Business_671,5999,Category_Desc,Micro,Low,2025-04-09,LOC-ae406adf
MERCH-61ede0df,Business_672,4121,Category_Desc,Micro,Medium,2025-01-10,LOC-fad91988
MERCH-f6291e7c,Business_673,4121,Category_Desc,SMB,Low,2025-03-18,LOC-2db70dfb
MERCH-fd420df0,Business_674,5411,Category_Desc,SMB,Low,2025-01-26,LOC-e6702f54
MERCH-9f4e6891,Business_675,5999,Category_Desc,SMB,Low,2025-04-04,LOC-bbf9e72b
MERCH-cb984901,Business_676,5812,Category_Desc,Micro,Low,2025-03-29,LOC-bd287a7e
MERCH-52f12ba5,Business_677,5812,Category_Desc,Micro,Low,2025-01-17,LOC-938a089f
MERCH-b56664f5,Business_678,5411,Category_Desc,Micro,Low,2025-01-05,LOC-997eee18
MERCH-97d645cc,Business_679,4511,Category_Desc,Micro,Low,2025-03-28,LOC-a1a354ce
MERCH-5e8a3366,Business_680,5999,Category_Desc,Micro,Low,2025-01-02,LOC-bd2aca6c
MERCH-af1f7a8d,Business_681,5999,Category_Desc,Micro,Low,2025-03-19,LOC-7fcd7791
MERCH-c75c34bd,Business_682,5411,Category_Desc,SMB,Low,2025-03-13,LOC-c14cbae3
MERCH-36b4eac3,Business_683,5999,Category_Desc,Micro,High,2025-01-25,LOC-87bf162e
MERCH-9ca1cd2c,Business_684,4511,Category_Desc,SMB,Medium,2025-02-16,LOC-082875ee
MERCH-f5f18d2f,Business_685,5411,Category_Desc,Micro,Low,2025-01-13,LOC-ff37f3a9
MERCH-7d7073a4,Business_686,5812,Category_Desc,Micro,Low,2025-03-21,LOC-f190bfd2
MERCH-7fb177c8,Business_687,5411,Category_Desc,SMB,Medium,2025-01-15,LOC-b131791c
MERCH-e013ce0c,Business_688,5812,Category_Desc,SMB,Low,2025-03-25,LOC-c282ae8b
MERCH-7c79ad57,Business_689,5999,Category_Desc,SMB,Low,2025-02-14,LOC-f4598036
MERCH-af824929,Business_690,5411,Category_Desc,SMB,Low,2025-02-22,LOC-3792d5cf
MERCH-824405ec,Business_691,5411,Category_Desc,SMB,Low,2025-02-26,LOC-d234d229
MERCH-c4bc6325,Business_692,4511,Category_Desc,SMB,High,2025-01-26,LOC-7be4132c
MERCH-4a707d62,Business_693,5999,Category_Desc,Micro,Medium,2025-02-10,LOC-921f301c
MERCH-0fa89156,Business_694,5999,Category_Desc,Micro,High,2025-01-06,LOC-55fe41d8
MERCH-8e7a553d,Business_695,4121,Category_Desc,SMB,Medium,2025-01-28,LOC-1b8658cc
MERCH-478661ea,Business_696,4511,Category_Desc,Micro,Low,2025-01-31,LOC-3e688a6f
MERCH-751694c1,Business_697,5812,Category_Desc,Micro,Low,2025-01-01,LOC-84af5b5c
MERCH-5a492113,Business_698,4511,Category_Desc,Enterprise,Medium,2025-03-20,LOC-83049761
MERCH-94346f2f,Business_699,5999,Category_Desc,SMB,Medium,2025-03-18,LOC-4ffaff92
MERCH-06e22bb8,Business_700,5812,Category_Desc,SMB,Low,2025-02-09,LOC-f7ca7da4
MERCH-8c7b7993,Business_701,4511,Category_Desc,Micro,Low,2025-02-08,LOC-5eb7a182
MERCH-cffde805,Business_702,4511,Category_Desc,SMB,Low,2025-01-29,LOC-4e6af2da
MERCH-0e9f2abe,Business_703,4511,Category_Desc,Micro,Low,2025-02-16,LOC-ec79a373
MERCH-a12fdd6b,Business_704,5411,Category_Desc,Micro,Medium,2025-01-30,LOC-99630ee7
MERCH-9705cc63,Business_705,5999,Category_Desc,Enterprise,Low,2025-02-18,LOC-d6b686ac
MERCH-2bdbfbea,Business_706,5411,Category_Desc,SMB,Low,2025-04-11,LOC-9a78660f
MERCH-5f3c5a7f,Business_707,4511,Category_Desc,Micro,Low,2025-02-15,LOC-e85fac93
MERCH-cec11cbf,Business_708,4121,Category_Desc,Micro,Medium,2025-03-12,LOC-32872e71
MERCH-2be53acb,Business_709,4121,Category_Desc,Micro,High,2025-02-02,LOC-34920858
MERCH-891591da,Business_710,5999,Category_Desc,SMB,Low,2025-03-20,LOC-4de0e202
MERCH-93ce9d4f,Business_711,5411,Category_Desc,SMB,High,2025-02-21,LOC-715ebadb
MERCH-7e226d40,Business_712,4121,Category_Desc,SMB,High,2025-02-17,LOC-911b22ec
MERCH-3f4286e1,Business_713,5812,Category_Desc,Micro,Medium,2025-02-24,LOC-51e8b734
MERCH-1103ae90,Business_714,5999,Category_Desc,Micro,Low,2025-03-26,LOC-7b5e347e
MERCH-146ade86,Business_715,4511,Category_Desc,Micro,High,2025-01-28,LOC-be2dcbb3
MERCH-6f5f0742,Business_716,5411,Category_Desc,SMB,Low,2025-02-06,LOC-eb696253
MERCH-902e4590,Business_717,4121,Category_Desc,Micro,Low,2025-01-07,LOC-c57fcc50
MERCH-b49383e5,Business_718,4121,Category_Desc,SMB,Low,2025-03-04,LOC-1e76e3a8
MERCH-56f64e17,Business_719,5411,Category_Desc,Micro,Low,2025-01-17,LOC-3f7a4d9d
MERCH-432d3db5,Business_720,5411,Category_Desc,Enterprise,Low,2025-01-05,LOC-d42e072a
MERCH-b3573f18,Business_721,4511,Category_Desc,Micro,Medium,2025-03-18,LOC-3c7a8933
MERCH-d9bdba7f,Business_722,4121,Category_Desc,SMB,Low,2025-02-13,LOC-6d6cd56d
MERCH-b7cf0d31,Business_723,5999,Category_Desc,Micro,Low,2025-02-21,LOC-7fbd6c63
MERCH-71480aac,Business_724,5999,Category_Desc,Micro,Low,2025-01-21,LOC-4dc0a431
MERCH-f8cd831c,Business_725,4511,Category_Desc,Micro,Medium,2025-02-25,LOC-f52866cf
MERCH-88df43d0,Business_726,4121,Category_Desc,Micro,High,2025-01-09,LOC-ae406adf
MERCH-b40eef0e,Business_727,5999,Category_Desc,SMB,Low,2025-01-07,LOC-269cd536
MERCH-659a47df,Business_728,5411,Category_Desc,SMB,High,2025-01-18,LOC-241723aa
MERCH-18299e24,Business_729,4121,Category_Desc,Micro,Medium,2025-03-03,LOC-8e59f307
MERCH-267afe65,Business_730,5411,Category_Desc,Micro,Medium,2025-01-20,LOC-23317d11
MERCH-b5b36b27,Business_731,5999,Category_Desc,Micro,Low,2025-01-29,LOC-936e7f62
MERCH-16e81939,Business_732,5411,Category_Desc,SMB,Medium,2025-02-28,LOC-5c431c5c
MERCH-53e58aa1,Business_733,4121,Category_Desc,SMB,Low,2025-01-24,LOC-d2b0ba1d
MERCH-baa5fdca,Business_734,5999,Category_Desc,Micro,Low,2025-02-28,LOC-1aaa3f3d
MERCH-8aabed19,Business_735,5999,Category_Desc,Micro,Medium,2025-02-11,LOC-0a109388
MERCH-3f89403c,Business_736,4121,Category_Desc,Micro,High,2025-02-13,LOC-88dfd0ae
MERCH-ad737067,Business_737,4121,Category_Desc,Micro,Low,2025-02-21,LOC-fad91988
MERCH-70a672c6,Business_738,5411,Category_Desc,Micro,Low,2025-01-31,LOC-8e59f307
MERCH-79d481f8,Business_739,4511,Category_Desc,SMB,Low,2025-02-25,LOC-05c2e393
MERCH-93e49c95,Business_740,5812,Category_Desc,Micro,Low,2025-02-27,LOC-9b286f1f
MERCH-323024fd,Business_741,4511,Category_Desc,SMB,Low,2025-03-09,LOC-bd287a7e
MERCH-c34142de,Business_742,5999,Category_Desc,SMB,Low,2025-03-16,LOC-2f7105eb
MERCH-c943372e,Business_743,4121,Category_Desc,SMB,High,2025-02-21,LOC-bdf31f93
MERCH-f4806896,Business_744,5411,Category_Desc,SMB,Low,2025-03-13,LOC-1be8e85f
MERCH-716c3c9e,Business_745,5812,Category_Desc,Enterprise,High,2025-01-16,LOC-09b9aab1
MERCH-970e803d,Business_746,5812,Category_Desc,SMB,High,2025-04-10,LOC-ad51ecf9
MERCH-bc5dc547,Business_747,5411,Category_Desc,SMB,High,2025-02-17,LOC-3c7a8933
MERCH-17a1e997,Business_748,4511,Category_Desc,Micro,Medium,2025-02-28,LOC-55c80bd5
MERCH-fb9610aa,Business_749,5411,Category_Desc,Micro,Low,2025-04-01,LOC-a439f550
MERCH-58822a4e,Business_750,4121,Category_Desc,Micro,Low,2025-02-14,LOC-d431297d
MERCH-883b0311,Business_751,4121,Category_Desc,Micro,Low,2025-01-27,LOC-b4cf1833
MERCH-d0833125,Business_752,4121,Category_Desc,SMB,Low,2025-02-27,LOC-5a1b20ec
MERCH-b0a30e2d,Business_753,5812,Category_Desc,Micro,Low,2025-03-28,LOC-3620b57e
MERCH-fcd243d6,Business_754,4121,Category_Desc,SMB,Low,2025-01-29,LOC-0b93efa8
MERCH-e5d365e3,Business_755,4121,Category_Desc,SMB,Medium,2025-04-10,LOC-5b4eafd7
MERCH-adc79db1,Business_756,4121,Category_Desc,Micro,Low,2025-01-12,LOC-715ebadb
MERCH-1179fe8b,Business_757,5411,Category_Desc,Micro,Low,2025-03-21,LOC-4ffaff92
MERCH-42fbc646,Business_758,4121,Category_Desc,SMB,High,2025-01-22,LOC-c77bfb32
MERCH-33cca566,Business_759,5999,Category_Desc,Enterprise,Medium,2025-02-03,LOC-d2b0ba1d
MERCH-42094e21,Business_760,5999,Category_Desc,Micro,Low,2025-01-09,LOC-1b8658cc
MERCH-b9d92681,Business_761,5999,Category_Desc,Micro,Medium,2025-03-31,LOC-921956ad
MERCH-806aacaf,Business_762,5411,Category_Desc,Enterprise,Low,2025-02-17,LOC-cc04ed9c
MERCH-a4b52992,Business_763,4511,Category_Desc,SMB,Medium,2025-01-31,LOC-684f760a
MERCH-d7592f61,Business_764,5812,Category_Desc,SMB,Low,2025-02-26,LOC-b02bba3b
MERCH-b522ef3d,Business_765,4511,Category_Desc,Micro,Low,2025-02-03,LOC-297d19d3
MERCH-1fbcfdc3,Business_766,5411,Category_Desc,Micro,Low,2025-04-08,LOC-a7903ea9
MERCH-b0432656,Business_767,5812,Category_Desc,Enterprise,Low,2025-02-11,LOC-9da0db3e
MERCH-1f727830,Business_768,4511,Category_Desc,SMB,Low,2025-02-04,LOC-ed94abfe
MERCH-12111364,Business_769,4511,Category_Desc,SMB,Low,2025-02-09,LOC-641fbc89
MERCH-80c2f446,Business_770,5812,Category_Desc,SMB,Low,2025-02-27,LOC-c108dc64
MERCH-367729c2,Business_771,5411,Category_Desc,Micro,Low,2025-02-13,LOC-4f27a645
MERCH-98aa05f1,Business_772,5411,Category_Desc,Enterprise,Low,2025-04-10,LOC-8edf9c2e
MERCH-c6857663,Business_773,5812,Category_Desc,SMB,Medium,2025-01-05,LOC-9f88ce57
MERCH-08392b49,Business_774,4121,Category_Desc,SMB,Low,2025-01-13,LOC-491c8201
MERCH-56856101,Business_775,5411,Category_Desc,Micro,Low,2025-01-04,LOC-7a7836d5
MERCH-37bf2862,Business_776,5411,Category_Desc,Enterprise,Low,2025-02-26,LOC-dc1beea9
MERCH-f7c953ec,Business_777,5411,Category_Desc,Micro,Low,2025-02-03,LOC-4de0e202
MERCH-9593a6dc,Business_778,4511,Category_Desc,SMB,Low,2025-01-02,LOC-61fab0ee
MERCH-97fd6e6b,Business_779,5411,Category_Desc,SMB,Low,2025-03-10,LOC-d34d70f5
MERCH-390b6b54,Business_780,5812,Category_Desc,Micro,Low,2025-02-03,LOC-fad91988
MERCH-0db919e9,Business_781,5411,Category_Desc,Micro,Medium,2025-02-06,LOC-3eab1e70
MERCH-6897b7ce,Business_782,5999,Category_Desc,Micro,Medium,2025-02-02,LOC-737054c0
MERCH-22284ff8,Business_783,4511,Category_Desc,SMB,Low,2025-03-18,LOC-84af5b5c
MERCH-5607dcf8,Business_784,5999,Category_Desc,SMB,Low,2025-02-18,LOC-96b5d43b
MERCH-fa157410,Business_785,5999,Category_Desc,Micro,Low,2025-01-30,LOC-1aaa3f3d
MERCH-1fea7dd9,Business_786,4511,Category_Desc,Micro,Medium,2025-04-06,LOC-ee8a7dca
MERCH-24c0fc3e,Business_787,5999,Category_Desc,Micro,Low,2025-03-09,LOC-c448ac58
MERCH-61d63b76,Business_788,5812,Category_Desc,Micro,Low,2025-04-07,LOC-75e34ded
MERCH-0d816a25,Business_789,5411,Category_Desc,SMB,Low,2025-03-03,LOC-1c330740
MERCH-b800fcd9,Business_790,5411,Category_Desc,SMB,Low,2025-03-25,LOC-eb4ed6c9
MERCH-6792be9f,Business_791,4121,Category_Desc,SMB,High,2025-01-14,LOC-a72fbc67
MERCH-90c8e86f,Business_792,5999,Category_Desc,SMB,Medium,2025-01-10,LOC-73c1a505
MERCH-6b07cf9f,Business_793,5999,Category_Desc,SMB,Low,2025-03-06,LOC-f59f11a8
MERCH-1a37a18c,Business_794,5812,Category_Desc,Micro,Low,2025-02-27,LOC-74740fc8
MERCH-4b3d2bce,Business_795,5812,Category_Desc,SMB,Low,2025-02-10,LOC-fa41507d
MERCH-c7f17d47,Business_796,5812,Category_Desc,SMB,Medium,2025-03-19,LOC-96c414f0
MERCH-a69366b4,Business_797,5812,Category_Desc,SMB,Low,2025-03-17,LOC-5110fb39
MERCH-642665b1,Business_798,4121,Category_Desc,Micro,Low,2025-04-08,LOC-a0fa69ea
MERCH-ea5996c7,Business_799,4511,Category_Desc,Micro,Low,2025-01-06,LOC-884ab63f
MERCH-8e806d0c,Business_800,5999,Category_Desc,SMB,Low,2025-02-16,LOC-829e57d8
MERCH-4e655589,Business_801,4511,Category_Desc,SMB,High,2025-01-20,LOC-22382d11
MERCH-db131ad8,Business_802,5812,Category_Desc,SMB,Medium,2025-01-20,LOC-600406d3
MERCH-e0bf461e,Business_803,4511,Category_Desc,Micro,Medium,2025-02-25,LOC-de45b305
MERCH-af5a5067,Business_804,4511,Category_Desc,Micro,Low,2025-04-10,LOC-0d1b0397
MERCH-1327010e,Business_805,5999,Category_Desc,Micro,Low,2025-01-03,LOC-ba8633fa
MERCH-eb59154b,Business_806,5411,Category_Desc,SMB,High,2025-04-09,LOC-8433d7ce
MERCH-23a215fc,Business_807,5999,Category_Desc,SMB,Low,2025-03-09,LOC-a9a1605c
MERCH-df97e276,Business_808,5812,Category_Desc,SMB,Low,2025-03-20,LOC-3fa3569e
MERCH-82496955,Business_809,4121,Category_Desc,SMB,Low,2025-02-17,LOC-80e448ed
MERCH-e88e1b5f,Business_810,5999,Category_Desc,SMB,Low,2025-03-27,LOC-6c25672b
MERCH-090784e6,Business_811,5411,Category_Desc,Micro,Low,2025-01-31,LOC-cb761bcd
MERCH-2fe5dca0,Business_812,5411,Category_Desc,Enterprise,Low,2025-02-16,LOC-680522ca
MERCH-ef38f291,Business_813,5999,Category_Desc,Micro,High,2025-04-05,LOC-1927a225
MERCH-69563bc1,Business_814,4121,Category_Desc,SMB,Medium,2025-02-18,LOC-7369f69f
MERCH-ffb9b1fe,Business_815,5999,Category_Desc,Micro,High,2025-01-01,LOC-177378cf
MERCH-92d5cce7,Business_816,4511,Category_Desc,Micro,Low,2025-01-07,LOC-3408f3a3
MERCH-e8ac543c,Business_817,4511,Category_Desc,SMB,Low,2025-03-16,LOC-6e1c86ca
MERCH-36c5ba41,Business_818,5411,Category_Desc,Micro,Medium,2025-04-04,LOC-10d6ddc3
MERCH-cbe81c75,Business_819,5411,Category_Desc,SMB,Low,2025-03-25,LOC-3977a3eb
MERCH-a347dfe1,Business_820,5411,Category_Desc,SMB,Low,2025-02-08,LOC-84e7072a
MERCH-3352437a,Business_821,5999,Category_Desc,SMB,Low,2025-04-11,LOC-ab2d0790
MERCH-e6ef0c8e,Business_822,5812,Category_Desc,Enterprise,Low,2025-03-29,LOC-3d4cd9ef
MERCH-84fb7263,Business_823,5411,Category_Desc,Micro,Low,2025-03-09,LOC-048cd394
MERCH-b3502ea5,Business_824,5411,Category_Desc,SMB,Low,2025-01-22,LOC-fa41507d
MERCH-33d38a5d,Business_825,5999,Category_Desc,SMB,Low,2025-03-11,LOC-c90afc10
MERCH-5311bac0,Business_826,4121,Category_Desc,SMB,Medium,2025-01-15,LOC-fd6cf2b5
MERCH-11ad58f7,Business_827,4121,Category_Desc,SMB,Low,2025-03-17,LOC-60f1b573
MERCH-1775a4ff,Business_828,5411,Category_Desc,SMB,Medium,2025-03-21,LOC-96a7dd54
MERCH-7f65b921,Business_829,4511,Category_Desc,Micro,High,2025-02-13,LOC-517f1c3a
MERCH-5e7376ab,Business_830,5812,Category_Desc,SMB,Low,2025-02-15,LOC-f9e067b2
MERCH-04d34141,Business_831,4121,Category_Desc,SMB,Low,2025-02-13,LOC-de45b305
MERCH-58fd786c,Business_832,4511,Category_Desc,SMB,Low,2025-01-01,LOC-01c42c6f
MERCH-1333103d,Business_833,4511,Category_Desc,SMB,Low,2025-01-18,LOC-1a278283
MERCH-c8a6cc5d,Business_834,5812,Category_Desc,Enterprise,Low,2025-01-26,LOC-cad91faa
MERCH-b03e1310,Business_835,5999,Category_Desc,Enterprise,Low,2025-03-24,LOC-3bfd01a1
MERCH-c049b88b,Business_836,4511,Category_Desc,SMB,Low,2025-03-16,LOC-9cc017ff
MERCH-ceff8677,Business_837,4121,Category_Desc,SMB,Low,2025-02-06,LOC-d2b0ba1d
MERCH-813c4146,Business_838,5812,Category_Desc,Micro,Low,2025-02-06,LOC-040cbf83
MERCH-ceae28dd,Business_839,5411,Category_Desc,SMB,Low,2025-03-22,LOC-d0569c4e
MERCH-0c581ce7,Business_840,5812,Category_Desc,SMB,Low,2025-01-18,LOC-11202daa
MERCH-acd3fe4a,Business_841,4121,Category_Desc,SMB,High,2025-03-27,LOC-7f4dc2ef
MERCH-edd0ec55,Business_842,4511,Category_Desc,Enterprise,Low,2025-03-30,LOC-0d930599
MERCH-922c1cf1,Business_843,5812,Category_Desc,SMB,Low,2025-03-17,LOC-a1737342
MERCH-d0eb1213,Business_844,5999,Category_Desc,SMB,Low,2025-03-25,LOC-63a5f8e9
MERCH-78cf09cc,Business_845,4511,Category_Desc,Micro,Low,2025-02-11,LOC-9a78660f
MERCH-890096c6,Business_846,5411,Category_Desc,Enterprise,Low,2025-01-26,LOC-b61693b0
MERCH-7fe1bd86,Business_847,5812,Category_Desc,SMB,Low,2025-01-10,LOC-f2e56171
MERCH-5a1914b0,Business_848,5812,Category_Desc,SMB,Low,2025-03-28,LOC-14db06b0
MERCH-71890bf7,Business_849,5999,Category_Desc,SMB,Low,2025-03-23,LOC-48b6b2bf
MERCH-e7708521,Business_850,4121,Category_Desc,Micro,Low,2025-01-18,LOC-9c1e63c7
MERCH-41e70dd5,Business_851,4121,Category_Desc,Micro,High,2025-04-03,LOC-09b9aab1
MERCH-aab4aca5,Business_852,5999,Category_Desc,SMB,Low,2025-03-11,LOC-e2912708
MERCH-95d1dc8c,Business_853,4121,Category_Desc,Micro,Medium,2025-03-09,LOC-014d957f
MERCH-a5bb7850,Business_854,4511,Category_Desc,SMB,Low,2025-02-19,LOC-05184a47
MERCH-548fa9f3,Business_855,4121,Category_Desc,SMB,Low,2025-02-16,LOC-e967318f
MERCH-19c463ab,Business_856,4511,Category_Desc,SMB,Low,2025-01-01,LOC-1bffa69b
MERCH-4695d39b,Business_857,5411,Category_Desc,Micro,Low,2025-01-16,LOC-b28582c8
MERCH-4d27fad8,Business_858,4121,Category_Desc,SMB,Low,2025-04-05,LOC-8d5c297e
MERCH-77e0875e,Business_859,5999,Category_Desc,Micro,Low,2025-02-03,LOC-016dd350
MERCH-0e96c997,Business_860,5411,Category_Desc,Micro,Low,2025-01-09,LOC-33cfa382
MERCH-e1568085,Business_861,4511,Category_Desc,Micro,Low,2025-04-08,LOC-cf600c7b
MERCH-13552822,Business_862,4511,Category_Desc,Micro,Low,2025-02-23,LOC-5c2409f4
MERCH-6d7ed015,Business_863,5999,Category_Desc,SMB,High,2025-03-31,LOC-2be31b6d
MERCH-b31b3be3,Business_864,5411,Category_Desc,Micro,Low,2025-03-12,LOC-c693799e
MERCH-179de3d2,Business_865,5999,Category_Desc,SMB,Low,2025-03-18,LOC-70e89506
MERCH-f6b8ee4c,Business_866,4511,Category_Desc,Micro,Low,2025-01-23,LOC-ea473a6e
MERCH-479bd350,Business_867,4121,Category_Desc,SMB,Medium,2025-01-19,LOC-32c89e37
MERCH-9915da4c,Business_868,5812,Category_Desc,SMB,High,2025-03-17,LOC-eeaf30a4
MERCH-789b4f01,Business_869,4511,Category_Desc,Micro,Low,2025-01-11,LOC-5d44e8e7
MERCH-75549e9d,Business_870,5812,Category_Desc,Micro,Medium,2025-01-16,LOC-236dcd3f
MERCH-b470f632,Business_871,4511,Category_Desc,Micro,Low,2025-01-15,LOC-fb9e2a0d
MERCH-fb2242ca,Business_872,5812,Category_Desc,Micro,Low,2025-03-14,LOC-a542d1cc
MERCH-661a4dd2,Business_873,5999,Category_Desc,Micro,Medium,2025-03-22,LOC-c3a3c425
MERCH-2689b891,Business_874,5812,Category_Desc,SMB,Medium,2025-03-21,LOC-918e59dd
MERCH-14f20068,Business_875,5411,Category_Desc,Micro,High,2025-02-11,LOC-9c558612
MERCH-5779e329,Business_876,4511,Category_Desc,Enterprise,Low,2025-02-22,LOC-85135e21
MERCH-39cddccb,Business_877,4511,Category_Desc,Micro,Low,2025-04-07,LOC-734b761c
MERCH-47818296,Business_878,4121,Category_Desc,Enterprise,Low,2025-04-10,LOC-41d31cea
MERCH-8796c77c,Business_879,4511,Category_Desc,Micro,Medium,2025-02-07,LOC-7be93755
MERCH-57dc59b1,Business_880,5999,Category_Desc,SMB,Medium,2025-02-25,LOC-398971cf
MERCH-ed73cb51,Business_881,5812,Category_Desc,Micro,Low,2025-02-26,LOC-cba85eb9
MERCH-ce92a5de,Business_882,4511,Category_Desc,SMB,Medium,2025-02-09,LOC-556404d2
MERCH-db2c6bb2,Business_883,5812,Category_Desc,SMB,Low,2025-03-05,LOC-3b21e70a
MERCH-15b1cd99,Business_884,5999,Category_Desc,SMB,Low,2025-02-13,LOC-45673f85
MERCH-abc9a065,Business_885,4121,Category_Desc,Micro,Low,2025-01-07,LOC-7f120669
MERCH-79ee1c70,Business_886,4121,Category_Desc,Micro,Low,2025-02-26,LOC-74e4ccd2
MERCH-6b12bf7a,Business_887,5812,Category_Desc,SMB,Low,2025-03-07,LOC-5a8d6433
MERCH-dd246012,Business_888,5812,Category_Desc,Micro,Low,2025-01-29,LOC-fa41507d
MERCH-4243f3c1,Business_889,4121,Category_Desc,SMB,Low,2025-03-04,LOC-5a8d6433
MERCH-3d4e6d80,Business_890,5999,Category_Desc,Micro,Medium,2025-01-07,LOC-e2e59223
MERCH-79a07a96,Business_891,5812,Category_Desc,Micro,High,2025-04-07,LOC-0b93efa8
MERCH-e068ae82,Business_892,5812,Category_Desc,Micro,Low,2025-01-03,LOC-3f3a478f
MERCH-2bed87de,Business_893,5999,Category_Desc,SMB,High,2025-01-12,LOC-8028faad
MERCH-90fd1e20,Business_894,5999,Category_Desc,Micro,Low,2025-01-30,LOC-c3c81b58
MERCH-e7830873,Business_895,5812,Category_Desc,Micro,Low,2025-01-12,LOC-6170b603
MERCH-3f063345,Business_896,5411,Category_Desc,Micro,High,2025-02-16,LOC-ac81abcd
MERCH-80ba92f2,Business_897,5411,Category_Desc,Micro,Low,2025-01-16,LOC-818fa7d9
MERCH-2d0cb7d4,Business_898,4511,Category_Desc,Micro,Low,2025-01-20,LOC-236dcd3f
MERCH-0c55a6a1,Business_899,5812,Category_Desc,Enterprise,Medium,2025-01-08,LOC-b39f4335
MERCH-b71a7e87,Business_900,4121,Category_Desc,SMB,Low,2025-01-26,LOC-2fce260e
MERCH-0bfcf3f4,Business_901,5812,Category_Desc,SMB,Medium,2025-04-11,LOC-c00cf998
MERCH-9ac6a2d6,Business_902,4121,Category_Desc,Micro,Medium,2025-02-08,LOC-97f236ec
MERCH-eab284d3,Business_903,5411,Category_Desc,SMB,Low,2025-04-04,LOC-b75504ce
MERCH-67f205a7,Business_904,4511,Category_Desc,SMB,Low,2025-03-21,LOC-7fdbee47
MERCH-e61ac6bb,Business_905,5812,Category_Desc,Enterprise,Low,2025-02-14,LOC-36a0330b
MERCH-48b125d4,Business_906,5812,Category_Desc,SMB,Low,2025-01-18,LOC-4ffaff92
MERCH-2f3c9b2a,Business_907,4121,Category_Desc,Micro,Low,2025-03-14,LOC-61fab0ee
MERCH-82cd0d24,Business_908,4121,Category_Desc,SMB,Medium,2025-03-16,LOC-caefbec9
MERCH-41de6bf4,Business_909,4121,Category_Desc,Micro,Low,2025-04-08,LOC-95c4073c
MERCH-02022521,Business_910,4511,Category_Desc,Micro,Low,2025-02-06,LOC-b003f588
MERCH-3c0d0273,Business_911,5812,Category_Desc,Enterprise,Low,2025-02-05,LOC-52a0a6b0
MERCH-5553b136,Business_912,5411,Category_Desc,Micro,Low,2025-01-22,LOC-33cfa382
MERCH-b97e376f,Business_913,5999,Category_Desc,Micro,Low,2025-04-05,LOC-db9675c7
MERCH-84770c89,Business_914,5411,Category_Desc,Micro,Medium,2025-03-30,LOC-82701f00
MERCH-103bee5d,Business_915,4511,Category_Desc,Micro,Low,2025-02-06,LOC-cc8383e2
MERCH-ef9b369d,Business_916,5999,Category_Desc,SMB,Low,2025-01-10,LOC-9c412782
MERCH-bacc086e,Business_917,5411,Category_Desc,Enterprise,Low,2025-02-28,LOC-05be9a5b
MERCH-c877e456,Business_918,4511,Category_Desc,Micro,Medium,2025-02-01,LOC-e5a39dc4
MERCH-a96f9753,Business_919,5411,Category_Desc,SMB,Medium,2025-02-22,LOC-2d359ca6
MERCH-1499cb0a,Business_920,4511,Category_Desc,Enterprise,Low,2025-01-04,LOC-5e0c8aac
MERCH-515237ac,Business_921,5999,Category_Desc,SMB,Low,2025-02-13,LOC-96c414f0
MERCH-1bb767fe,Business_922,4511,Category_Desc,SMB,High,2025-01-24,LOC-cac395fa
MERCH-55813452,Business_923,4121,Category_Desc,Micro,Low,2025-02-16,LOC-241723aa
MERCH-c2b2b120,Business_924,4121,Category_Desc,Micro,Low,2025-03-15,LOC-1a6fdbec
MERCH-9e3784bb,Business_925,4121,Category_Desc,SMB,Low,2025-01-27,LOC-224d7c2a
MERCH-9d6b52a9,Business_926,4121,Category_Desc,SMB,Low,2025-02-21,LOC-5a8d6433
MERCH-4563e0e3,Business_927,4121,Category_Desc,Micro,Low,2025-03-15,LOC-ba8633fa
MERCH-3e4986f0,Business_928,4511,Category_Desc,SMB,Low,2025-01-04,LOC-6b1c08c1
MERCH-6bad4294,Business_929,5411,Category_Desc,Micro,Low,2025-04-08,LOC-5ff48cb1
MERCH-61d575ba,Business_930,5812,Category_Desc,Micro,Medium,2025-03-17,LOC-bde2f0d3
MERCH-29cc9473,Business_931,5812,Category_Desc,Enterprise,High,2025-01-21,LOC-d558ca78
MERCH-4ceed9f7,Business_932,5812,Category_Desc,SMB,Low,2025-03-14,LOC-eab69120
MERCH-2124af1e,Business_933,5812,Category_Desc,SMB,Low,2025-02-20,LOC-938a089f
MERCH-f5833c3a,Business_934,4121,Category_Desc,Micro,Low,2025-01-11,LOC-bbaef12e
MERCH-0de17a6c,Business_935,5812,Category_Desc,SMB,Low,2025-01-19,LOC-921f301c
MERCH-4fe22b23,Business_936,5812,Category_Desc,Micro,Low,2025-01-02,LOC-241723aa
MERCH-bcfbf8b4,Business_937,4121,Category_Desc,Micro,High,2025-02-15,LOC-b214056a
MERCH-d3906dec,Business_938,5999,Category_Desc,Micro,Low,2025-04-11,LOC-1d353698
MERCH-c4157ac7,Business_939,5999,Category_Desc,SMB,Low,2025-03-05,LOC-297d19d3
MERCH-23e14f17,Business_940,5999,Category_Desc,Micro,Low,2025-02-05,LOC-1c044ae4
MERCH-b5f7df3e,Business_941,5812,Category_Desc,Micro,Low,2025-01-07,LOC-bdf31f93
MERCH-70576572,Business_942,5999,Category_Desc,SMB,Low,2025-02-11,LOC-f8c525cc
MERCH-89f475b4,Business_943,4121,Category_Desc,Micro,Low,2025-01-20,LOC-697ff28e
MERCH-3f583df2,Business_944,4511,Category_Desc,Micro,Low,2025-03-14,LOC-1d63b081
MERCH-2bd222d1,Business_945,4121,Category_Desc,Micro,Low,2025-03-23,LOC-06b2fc8b
MERCH-c3add4eb,Business_946,5812,Category_Desc,Micro,Low,2025-01-20,LOC-26b53033
MERCH-1d7ea4fd,Business_947,5812,Category_Desc,SMB,Low,2025-03-09,LOC-2f7105eb
MERCH-be8d6959,Business_948,4121,Category_Desc,Micro,Medium,2025-02-06,LOC-96a63f7a
MERCH-99e7005f,Business_949,5812,Category_Desc,Micro,Low,2025-03-04,LOC-70e89506
MERCH-042c3591,Business_950,5411,Category_Desc,Micro,Medium,2025-01-23,LOC-4de0e202
MERCH-8290dfdd,Business_951,4121,Category_Desc,Enterprise,Low,2025-01-06,LOC-4c4ee307
MERCH-8834198a,Business_952,5812,Category_Desc,SMB,Low,2025-01-25,LOC-d6baa030
MERCH-f2150e5b,Business_953,4121,Category_Desc,Enterprise,Medium,2025-02-01,LOC-8e59f307
MERCH-70d53567,Business_954,5812,Category_Desc,Micro,Low,2025-02-01,LOC-f8104197
MERCH-d197881c,Business_955,5812,Category_Desc,Micro,Low,2025-03-26,LOC-58abb29d
MERCH-923b5b78,Business_956,4121,Category_Desc,Micro,Low,2025-03-26,LOC-65ba11ef
MERCH-c837537e,Business_957,5812,Category_Desc,SMB,Low,2025-01-17,LOC-e42d8d44
MERCH-2fe2d5cd,Business_958,5999,Category_Desc,SMB,Low,2025-03-07,LOC-dad51a2f
MERCH-86dbe051,Business_959,5812,Category_Desc,Micro,Low,2025-02-28,LOC-1f8ad90f
MERCH-10ac9711,Business_960,5999,Category_Desc,Enterprise,Medium,2025-02-07,LOC-ba8633fa
MERCH-4a341b2f,Business_961,5812,Category_Desc,Micro,Low,2025-03-30,LOC-c0bbd395
MERCH-8b6bac73,Business_962,4121,Category_Desc,Enterprise,Low,2025-01-17,LOC-05be9a5b
MERCH-92ef759d,Business_963,4121,Category_Desc,Micro,Low,2025-01-09,LOC-d129d1de
MERCH-374c582a,Business_964,5411,Category_Desc,SMB,Low,2025-01-18,LOC-6df117ac
MERCH-76f29cbd,Business_965,4121,Category_Desc,Micro,Medium,2025-03-08,LOC-e2181e03
MERCH-d1e73d74,Business_966,5411,Category_Desc,SMB,Low,2025-04-06,LOC-eae5e20e
MERCH-c21cb27d,Business_967,5812,Category_Desc,SMB,High,2025-03-11,LOC-877b626a
MERCH-058d2c53,Business_968,4121,Category_Desc,SMB,High,2025-04-09,LOC-1090c3ac
MERCH-a20ee35f,Business_969,5999,Category_Desc,SMB,Low,2025-02-10,LOC-7b8f5a03
MERCH-b6076fa0,Business_970,5812,Category_Desc,SMB,Low,2025-04-11,LOC-398971cf
MERCH-0c8e8b79,Business_971,5999,Category_Desc,Enterprise,Low,2025-01-19,LOC-e8c1251d
MERCH-8988b757,Business_972,5999,Category_Desc,Micro,Low,2025-01-25,LOC-a1737342
MERCH-44de034b,Business_973,4121,Category_Desc,Micro,Low,2025-02-22,LOC-a3f06e17
MERCH-f672c0a4,Business_974,5812,Category_Desc,Micro,Low,2025-01-09,LOC-96a7dd54
MERCH-91459f45,Business_975,5999,Category_Desc,Micro,Low,2025-01-22,LOC-3746ec76
MERCH-b668dba6,Business_976,4511,Category_Desc,Micro,Low,2025-03-23,LOC-53826e70
MERCH-831095f9,Business_977,4121,Category_Desc,Enterprise,Low,2025-01-10,LOC-25b53290
MERCH-037cd3f9,Business_978,4511,Category_Desc,SMB,Low,2025-01-09,LOC-297d19d3
MERCH-b512529c,Business_979,5999,Category_Desc,Micro,Low,2025-02-24,LOC-badee866
MERCH-e01182d2,Business_980,4511,Category_Desc,SMB,Medium,2025-02-12,LOC-d3298b69
MERCH-3371c85e,Business_981,5999,Category_Desc,Micro,Low,2025-03-13,LOC-58ac3dd3
MERCH-7932f0e3,Business_982,4511,Category_Desc,Micro,Low,2025-01-26,LOC-8c692ad6
MERCH-2c8301db,Business_983,4511,Category_Desc,SMB,Low,2025-02-18,LOC-d8a41123
MERCH-fd334f04,Business_984,5812,Category_Desc,Micro,Low,2025-02-11,LOC-bd287a7e
MERCH-996e3f26,Business_985,5411,Category_Desc,SMB,High,2025-03-13,LOC-b991b23e
MERCH-f84fee8d,Business_986,4121,Category_Desc,Micro,Medium,2025-02-02,LOC-fa4b51ec
MERCH-158c731d,Business_987,4121,Category_Desc,Micro,Low,2025-04-05,LOC-c4f97c8e
MERCH-bc451610,Business_988,5812,Category_Desc,Micro,Low,2025-02-16,LOC-7fcd7791
MERCH-9f0e24ea,Business_989,5411,Category_Desc,Enterprise,Low,2025-01-30,LOC-f8d454b1
MERCH-861a4ece,Business_990,5812,Category_Desc,SMB,High,2025-01-14,LOC-ce4a4296
MERCH-7f109702,Business_991,4121,Category_Desc,SMB,Low,2025-02-28,LOC-eb2be329
MERCH-3bca62cc,Business_992,5999,Category_Desc,Micro,Low,2025-01-26,LOC-a439f550
MERCH-b1a486be,Business_993,4121,Category_Desc,Micro,Low,2025-02-26,LOC-c77bfb32
MERCH-057c32f2,Business_994,5999,Category_Desc,Micro,Low,2025-02-07,LOC-b44b74d4
MERCH-1745ef55,Business_995,5999,Category_Desc,Micro,Low,2025-04-04,LOC-dbd4c7e1
MERCH-44ff48cd,Business_996,5812,Category_Desc,Micro,Low,2025-03-28,LOC-d86ef5fa
MERCH-c188f78e,Business_997,4511,Category_Desc,Micro,Low,2025-04-05,LOC-d9d4b171
MERCH-74f65f30,Business_998,5999,Category_Desc,Micro,Medium,2025-02-11,LOC-8c692ad6
MERCH-cd881c28,Business_999,5999,Category_Desc,Micro,Low,2025-03-10,LOC-3af7255f
